Repository URL,Star Count,Algorithm
https://github.com/scikit-learn/scikit-learn,56669,IF;LOF;OCSVM;OCSVM
https://github.com/google-research/google-research,31615,LOF
https://github.com/shap/shap,20701,IF
https://github.com/mindsdb/mindsdb,19203,IF
https://github.com/pycaret/pycaret,8005,IF;LOF
https://github.com/yzhao062/pyod,7668,LOF;OCSVM
https://github.com/catboost/catboost,7494,IF;LOF;OCSVM
https://github.com/h2oai/h2o-3,6574,IF
https://github.com/mage-ai/mage-ai,6039,IF;LOF
https://github.com/online-ml/river,4556,LOF;OCSVM
https://github.com/biolab/orange3,4378,OCSVM
https://github.com/microsoft/hummingbird,3252,IF
https://github.com/salesforce/Merlion,3155,IF
https://github.com/TeamHG-Memex/eli5,2701,OCSVM
https://github.com/BayesWitnesses/m2cgen,2663,OCSVM
https://github.com/mars-project/mars,2657,IF
https://github.com/infstellar/genshin_impact_assistant,2046,IF
https://github.com/Xtra-Computing/thundersvm,1511,OCSVM
https://github.com/hyperopt/hyperopt-sklearn,1489,OCSVM
https://github.com/amaiya/ktrain,1194,LOF
https://github.com/logpai/loglizer,1165,IF
https://github.com/pygod-team/pygod,1110,IF
https://github.com/ryfeus/lambda-packs,1103,IF;LOF;OCSVM
https://github.com/koaning/scikit-lego,1089,IF
https://github.com/intel/scikit-learn-intelex,1088,LOF
https://github.com/arundo/adtk,982,LOF
https://github.com/h2oai/sparkling-water,956,IF
https://github.com/xorbitsai/xorbits,934,IF
https://github.com/MentatInnovations/datastream.io,882,LOF
https://github.com/ColdGrub1384/Pyto,823,IF;LOF;OCSVM
https://github.com/shubhomoydas/ad_examples,817,IF;LOF;OCSVM
https://github.com/A3sal0n/CyberThreatHunting,756,IF
https://github.com/lzjqsdd/scikit-learn-doc-cn,723,OCSVM
https://github.com/neka-nat/probreg,717,OCSVM
https://github.com/Minqi824/ADBench,700,OCSVM
https://github.com/dmlc/treelite,689,IF
https://github.com/scikit-tda/kepler-mapper,605,IF
https://github.com/analyticalmindsltd/smote_variants,556,IF
https://github.com/chaoss/augur,548,IF
https://github.com/ysig/GraKeL,547,OCSVM
https://github.com/aangelopoulos/conformal-prediction,532,IF
https://github.com/jpmml/jpmml-sklearn,517,IF
https://github.com/koaning/doubtlab,484,IF
https://github.com/onnx/sklearn-onnx,482,LOF
https://github.com/earthgecko/skyline,463,IF;LOF
https://github.com/LeBron-Jian/MachineLearningNote,457,IF;LOF;OCSVM
https://github.com/tushushu/imylu,441,IF
https://github.com/mdipietro09/DataScience_ArtificialIntelligence_Utils,423,OCSVM
https://github.com/SuperCowPowers/zat,409,IF
https://github.com/DUanalytics/pyAnalytics,401,IF
https://github.com/ljwztc/CLIP-Driven-Universal-Model,386,IF
https://github.com/MannLabs/CKG,364,IF
https://github.com/raphaelvallat/yasa,358,IF
https://github.com/ARM-software/CMSIS-DSP,329,OCSVM
https://github.com/lukasruff/Deep-SAD-PyTorch,320,OCSVM
https://github.com/IBM/lale,311,IF
https://github.com/delvelabs/batea,287,IF
https://github.com/salesforce/logai,281,OCSVM
https://github.com/amueller/scipy-2017-sklearn,280,IF
https://github.com/OmicsML/dance,273,IF
https://github.com/openml/openml-python,268,IF
https://github.com/ANSSI-FR/SecuML,267,IF;OCSVM
https://github.com/Testzero-wz/analog,266,OCSVM
https://github.com/waico/SKAB,260,IF
https://github.com/PacktPublishing/Modern-Time-Series-Forecasting-with-Python,254,IF
https://github.com/Albertsr/Anomaly-Detection,253,IF;LOF
https://github.com/amueller/scipy-2018-sklearn,246,IF
https://github.com/shibuiwilliam/ml-system-in-actions,246,OCSVM
https://github.com/IBM/UQ360,243,OCSVM
https://github.com/GAA-UAM/scikit-fda,242,LOF
https://github.com/sgoldenlab/simba,239,LOF
https://github.com/eli5-org/eli5,230,OCSVM
https://github.com/h2oai/driverlessai-recipes,224,IF;LOF
https://github.com/DataCanvasIO/HyperTS,222,IF;OCSVM
https://github.com/microsoft/python-type-stubs,220,IF;LOF;OCSVM
https://github.com/duoergun0729/3book,210,IF
https://github.com/jonnor/machinehearing,210,IF;LOF
https://github.com/vertica/VerticaPy,209,IF;LOF
https://github.com/nateemma/strategies,208,IF;LOF;OCSVM
https://github.com/NVlabs/latentfusion,204,IF
https://github.com/PacktPublishing/Python-Data-Cleaning-Cookbook,203,IF
https://github.com/xuhongzuo/outlier-interpretation,196,IF;LOF
https://github.com/DavidJBianco/Clearcut,195,IF
https://github.com/HelenGuohx/logbert,185,IF;OCSVM
https://github.com/gatapia/py_ml_utils,180,OCSVM
https://github.com/SoftwareAG/nyoka,179,IF;OCSVM
https://github.com/xuhongzuo/DeepOD,176,IF
https://github.com/UCBerkeleySETI/breakthrough,175,LOF
https://github.com/pranab/avenir,173,IF
https://github.com/Leci37/stocks-prediction-Machine-learning-RealTime-TensorFlow,170,OCSVM
https://github.com/scikit-learn/scikit-learn.github.io,165,IF;LOF;OCSVM
https://github.com/david-cortes/isotree,164,IF
https://github.com/raghavchalapathy/oc-nn,161,IF;OCSVM
https://github.com/newrelic/newrelic-python-agent,158,LOF;OCSVM
https://github.com/thuiar/TEXTOIR,154,LOF
https://github.com/adobe/OSAS,151,IF;LOF
https://github.com/nbara/python-meegkit,150,LOF
https://github.com/pybokeh/jupyter_notebooks,146,IF
https://github.com/PacktPublishing/Machine-Learning-Engineering-with-Python,144,IF
https://github.com/kunlaotou/Anomaly-Detection,138,IF;LOF
https://github.com/LBNL-UCB-STI/beam,137,OCSVM
https://github.com/RubensZimbres/Repo-2019,136,IF
https://github.com/tvdboom/ATOM,136,LOF;OCSVM
https://github.com/sonydevworld/spresense,136,OCSVM
https://github.com/boozallen/MOTIF,130,IF;OCSVM
https://github.com/pranab/beymani,129,IF
https://github.com/pnnl/safekit,127,IF;OCSVM
https://github.com/unknownue/PyTorch.docs,127,OCSVM
https://github.com/PacktPublishing/Hands-On-Artificial-Intelligence-for-Banking,125,IF;LOF;OCSVM
https://github.com/PINTO0309/Keras-OneClassAnomalyDetection,124,LOF
https://github.com/amarack/python-rl,115,OCSVM
https://github.com/LogIntelligence/LogADEmpirical,114,IF;OCSVM
https://github.com/dPys/PyNets,114,LOF
https://github.com/juexinwang/scGNN,113,IF
https://github.com/deel-ai/puncc,112,IF;LOF
https://github.com/dpinney/omf,110,IF;LOF
https://github.com/youssefHosni/Data-Science-Portofolio,110,LOF
https://github.com/somanshu25/GPU-Accelerated-Point-Cloud-Registration-Using-Hierarchical-GMM,106,OCSVM
https://github.com/algorithmica-repository/datascience,104,IF;LOF;OCSVM
https://github.com/getcrest/AutoOut,99,IF;LOF
https://github.com/ORippler/gaussian-ad-mvtec,95,OCSVM
https://github.com/salimamoukou/acv00,90,IF
https://github.com/openscilab/pymilo,89,OCSVM
https://github.com/ewels/MegaQC,87,IF
https://github.com/georgian-io/pyoats,87,IF
https://github.com/datarobot/datarobot-user-models,86,OCSVM
https://github.com/TimeEval/TimeEval-algorithms,85,IF;LOF
https://github.com/sisoc-tokyo/Real-timeDetectionAD_ver2,83,OCSVM
https://github.com/PacktPublishing/Machine-Learning-Engineering-with-Python-Second-Edition,81,IF
https://github.com/Day-yong/Machine_Learning,81,OCSVM
https://github.com/alexfrancow/A-Detector,79,IF
https://github.com/splunk/mltk-algo-contrib,77,IF
https://github.com/LinkedEarth/Pyleoclim_util,77,LOF
https://github.com/yzhao062/XGBOD,75,IF;LOF;OCSVM
https://github.com/dhofmann34/AutoOD_Demo,75,IF;LOF
https://github.com/vineeths96/Spoken-Keyword-Spotting,74,OCSVM
https://github.com/mitdbg/aurum-datadiscovery,73,OCSVM
https://github.com/ploomber/soorgeon,72,LOF
https://github.com/raamana/visualqc,70,IF
https://github.com/google/madi,69,IF
https://github.com/drshahizan/SECP3843,65,LOF
https://github.com/NetManAIOps/TraceRCA,63,IF
https://github.com/sdpython/mlprodict,63,LOF;OCSVM
https://github.com/lukasruff/CVDD-PyTorch,63,OCSVM
https://github.com/ramaprakoso/analisis-sentimen,62,IF;LOF
https://github.com/otkupjnoz/oc-cnn,61,OCSVM
https://github.com/kimmo1019/Roundtrip,58,IF
https://github.com/PacktPublishing/Hands-On-Industrial-Internet-of-Things,58,OCSVM
https://github.com/Sw1ng19/AnomalyFilter,55,IF
https://github.com/sdimi/spotifav,54,OCSVM
https://github.com/wikibook/mlsdp,54,OCSVM
https://github.com/lcd-dal/feature-extraction-for-CERT-insider-threat-test-datasets,53,IF
https://github.com/okfn-brasil/serenata-notebooks,52,IF;LOF
https://github.com/zhangzhibo1014/CarSystem,51,LOF;OCSVM
https://github.com/keithjjones/malgazer,51,LOF
https://github.com/takashiishida/pconf,51,OCSVM
https://github.com/geomstats/challenge-iclr-2021,50,IF;OCSVM
https://github.com/PanpanZheng/OCAN,50,IF;OCSVM
https://github.com/OSS-Pole-Emploi/gabarit,50,IF;LOF
https://github.com/openforis/opensarkit,49,IF;OCSVM
https://github.com/buiduchanh/Learning-Deep-Features-for-One-Class-Classification,49,LOF
https://github.com/ClonedOne/MalwareBackdoors,48,IF
https://github.com/neurodata/scikit-tree,48,IF;LOF
https://github.com/aangelopoulos/ltt,48,IF;LOF
https://github.com/djsutherland/py-sdm,48,OCSVM
https://github.com/AtrCheema/AI4Water,48,OCSVM
https://github.com/hkaneko1985/python_doe_kspub,48,OCSVM
https://github.com/spierre91/builtiin,47,IF;OCSVM
https://github.com/danielhanchen/sciblox,47,IF
https://github.com/cobanov/Helpers,47,LOF
https://github.com/DS2BRAIN/ds2,46,IF
https://github.com/IsolationKernel/Codes,46,LOF;OCSVM
https://github.com/ssloxford/seeing-red,46,OCSVM
https://github.com/aldahdooh/detectors_review,46,OCSVM
https://github.com/raghavchalapathy/oc-nn_old,45,IF;OCSVM
https://github.com/hkaneko1985/dcekit,45,LOF;OCSVM
https://github.com/sfme/RVAE_MixedTypes,45,OCSVM
https://github.com/hkaneko1985/python_data_analysis_ohmsha,45,OCSVM
https://github.com/rodrigo-arenas/kafkaml-anomaly-detection,44,IF
https://github.com/nosuggest/Frcwp,43,IF
https://github.com/alemamm/oakmower,43,IF;LOF
https://github.com/amiradridi/Job-Resume-Matching,43,LOF;OCSVM
https://github.com/daochenzha/Meta-AAD,42,IF
https://github.com/thuiar/TEXTOIR-DEMO,42,LOF
https://github.com/dwkim78/ASTRiDE,41,IF
https://github.com/demonzyj56/E3Outlier,41,IF
https://github.com/Mrzhangxiaohua/2019CCF_Visualization,41,IF;LOF;OCSVM
https://github.com/Rorozhl/CA-MKD,40,OCSVM
https://github.com/jeremy191/clustering-based-anomaly-detection,39,IF;LOF
https://github.com/Renumics/sliceguard,39,IF
https://github.com/UKPLab/nessie,39,LOF
https://github.com/open-lasso-python/lasso-python,38,IF;OCSVM
https://github.com/bit-ml/AnoShift,38,IF;OCSVM
https://github.com/ninatu/anomaly_detection,38,IF
https://github.com/albertcthomas/anomaly_tuning,37,IF;OCSVM
https://github.com/sql-machine-learning/models,37,OCSVM
https://github.com/deeplearning-wisc/multi-label-ood,36,IF;LOF
https://github.com/icanforce/Orion-OSDI22,36,IF;LOF;OCSVM
https://github.com/wanglab-broad/ClusterMap,36,LOF
https://github.com/analokmaus/kaggle-panda-challenge-public,36,LOF
https://github.com/root-master/unified-hrl,35,OCSVM
https://github.com/andreArtelt/ceml,34,IF
https://github.com/white-bird/kaggle-ieee,34,IF
https://github.com/APPIAN-PET/APPIAN,34,OCSVM
https://github.com/Anjin-Liu/Openset_Learning_AOSR,33,IF
https://github.com/gloooryyt/oddball_py3,33,LOF
https://github.com/morrigan/user-behavior-anomaly-detector,33,OCSVM
https://github.com/Black-Milk/Dash-Docset,33,OCSVM
https://github.com/msimms/LibIsolationForest,32,IF
https://github.com/Cy743652/CEEMDAN-LSTM,32,IF
https://github.com/skingorz/FD-Align,31,IF
https://github.com/sparks-baird/mat_discover,31,LOF
https://github.com/Apress/practical-data-science,31,LOF;OCSVM
https://github.com/zyh190507/KnnContrastiveForOOD,30,LOF
https://github.com/lsanomaly/lsanomaly,30,OCSVM
https://github.com/AhmedFrikha/Few-Shot-One-Class-Classification-via-Meta-Learning,29,IF;OCSVM
https://github.com/broadinstitute/PANOPLY,29,IF;LOF
https://github.com/rashadulrakib/short-text-clustering-enhancement,29,IF
https://github.com/petersontylerd/mlmachine,28,IF
https://github.com/ebennequin/few-shot-open-set,28,LOF
https://github.com/GaelVaroquaux/sklearn_ensae_course,28,OCSVM
https://github.com/againerju/maad_highway,27,OCSVM
https://github.com/jmnatzaganian/mHTM,27,OCSVM
https://github.com/deep-skill-chaining/deep-skill-chaining,27,OCSVM
https://github.com/nadhirfr/cic-ids-2018,27,OCSVM
https://github.com/ml4bio/CLEAR,26,IF
https://github.com/vatsalsharan/pidforest,26,IF;LOF;OCSVM
https://github.com/laugustyniak/textlytics,26,OCSVM
https://github.com/twistedcubic/que-outlier-detection,25,IF
https://github.com/nd1511/PythonProgramming,25,IF;LOF;OCSVM
https://github.com/aolimelo/kged,25,IF;OCSVM
https://github.com/maxsxu/MTSAnomalyDetection,25,LOF
https://github.com/AnTuo1998/AE-KD,25,OCSVM
https://github.com/sisoc-tokyo/Real-timeDetectionAD_journal,25,OCSVM
https://github.com/RongrongMa/GLocalKD,25,OCSVM
https://github.com/NikhilGupta1997/LookOut,24,IF
https://github.com/petablox/arbitrar,24,IF
https://github.com/datawhalechina/ML-FTTI,24,IF
https://github.com/raviprakash11/CreditCardFraudDetectionSystem,24,IF;LOF
https://github.com/Kaslanarian/PySVM,24,OCSVM
https://github.com/hallamlab/TreeSAPP,24,OCSVM
https://github.com/ymirsky/Vesper,23,LOF
https://github.com/shenyangHuang/LAD,23,LOF
https://github.com/ageek/kaggle,23,OCSVM
https://github.com/oulenz/fuzzy-rough-learn,23,OCSVM
https://github.com/JoshuaWu1997/EMD-ALSTM-Multi-Factor-Stock-Profit-Prediction,23,OCSVM
https://github.com/jelliy/Tianchi_ECG_Competition,23,OCSVM
https://github.com/angadgill/Parallel-SGD,22,IF;OCSVM
https://github.com/MariamBARRY/skmultiflow_IForestASD,22,IF
https://github.com/drsagitn/anomaly-detection-and-localization,22,IF
https://github.com/Forcrush/Efficient-GAN-based-method-for-cyber-intrusion,22,IF
https://github.com/ILoveAI2019/OCAN,22,IF;OCSVM
https://github.com/TencentYoutuResearch/AnomalyDetection-SoftPatch,22,LOF
https://github.com/ruiking04/COCA,22,OCSVM
https://github.com/CityU-AIM-Group/MultiModal-learning,22,OCSVM
https://github.com/Mondego/pyreco,22,OCSVM
https://github.com/mondalanindya/ICCVW2021_GSCEventMOD,21,IF
https://github.com/usc-isi-i2/table-linker,21,LOF
https://github.com/pengchen233/EEMD-LSTM-Model,21,LOF
https://github.com/amitness/fns,21,OCSVM
https://github.com/renmengye/oc-fewshot-public,21,OCSVM
https://github.com/rewanthtammana/Detect-phishing-websites-using-ML,21,OCSVM
https://github.com/UiO-IN3110/UiO-IN3110.github.io,21,OCSVM
https://github.com/stjude/RNAIndel,20,IF
https://github.com/kjung/scikit-learn,20,IF;OCSVM
https://github.com/zj5559/MetricNet,20,LOF
https://github.com/hyhmia/BlindMI,20,OCSVM
https://github.com/BA-HanseML/NF_Prj_MIMII_Dataset,20,OCSVM
https://github.com/boschresearch/GraphLevel-AnomalyDetection,20,OCSVM
https://github.com/khan-yin/WHUT_MCM2020,20,OCSVM
https://github.com/syncpy/SyncPy,20,OCSVM
https://github.com/royukira/AIC22_Track1_MTMC_ID10,20,OCSVM
https://github.com/lvmoney/lvmoney-frame-parent,19,IF
https://github.com/wu-wenxiang/training-python-public,19,IF
https://github.com/nlp-pucrs/prescription-outliers,19,LOF
https://github.com/yzhao062/DCSO,19,LOF
https://github.com/JohannesBuchner/LSST-PLAsTiCC-classification-solution,18,IF
https://github.com/vidalt/OCEAN,18,IF
https://github.com/Sahandfer/AIOps,18,IF
https://github.com/raymon-ai/raymon,18,IF
https://github.com/vanloicao/SAEDVAE,18,LOF;OCSVM
https://github.com/dataforgoodfr/batch7_satellite_ges,18,LOF
https://github.com/Recycleye/viz_eda,18,LOF
https://github.com/NavinKumarMNK/Anomaly-Crime-Activity-Detection,18,OCSVM
https://github.com/nipunbatra/Gemello,18,OCSVM
https://github.com/fkie-cad/ipal_ids_framework,17,IF
https://github.com/vafaei-ar/drama,17,IF;LOF
https://github.com/jianganbai/AEGAN-AD,17,LOF
https://github.com/SERG-Delft/dslinter,17,OCSVM
https://github.com/ngoix/OCRF,16,IF;LOF;OCSVM
https://github.com/patrickschlachter/osr-using-ics,16,IF
https://github.com/mingyangzhang/A-Decomposition-Approach-for-Urban-Anomaly-Detection-Across-Spatiotemporal-Data,16,LOF
https://github.com/IanEisenberg/Self_Regulation_Ontology,16,OCSVM
https://github.com/tnolle/binet,16,OCSVM
https://github.com/npiro/VibrationML,16,OCSVM
https://github.com/IdeasLabUT/EDA-Artifact-Detection,16,OCSVM
https://github.com/ye-kyaw-thu/tools,15,IF
https://github.com/reza321/T-Miner,15,IF;LOF
https://github.com/Ana06/are-you-you,15,IF
https://github.com/ThomasMeissnerDS/e2e_ml,15,IF;OCSVM
https://github.com/kennethleungty/Anomaly-Detection-Pipeline-Kedro,15,IF
https://github.com/fanolabs/0shot-classification,15,LOF
https://github.com/backkon/AICITY2022_Track1_TAG,15,LOF
https://github.com/mbunse/mlcomops,15,LOF
https://github.com/XJTU-XGU/KPG-RL,15,OCSVM
https://github.com/PacktPublishing/Tableau-Prep-Cookbook,15,OCSVM
https://github.com/bmcfee/ml_scraps,15,OCSVM
https://github.com/columbia/appflow,15,OCSVM
https://github.com/agarwalanant/ThaparWorkshopANN,14,IF
https://github.com/seedatnabeel/SSCP,14,IF
https://github.com/accurat/ackeras,14,IF;LOF
https://github.com/RUTILEA/SDTest,14,LOF
https://github.com/minh-nghia/AE-1SVM,14,LOF;OCSVM
https://github.com/gdahia/meta_occ,14,OCSVM
https://github.com/Minqi824/ADGym,14,OCSVM
https://github.com/emergentmethods/datasieve,14,OCSVM
https://github.com/petermartigny/Advanced-Machine-Learning,14,OCSVM
https://github.com/JBris/time_series_anomaly_detection_examples,13,IF
https://github.com/szu-advtech/AdvTech,13,IF
https://github.com/magruener/reconstructing-proprietary-video-streaming-algorithms,13,IF
https://github.com/utwente-scs/misdet-code,13,IF;OCSVM
https://github.com/msolpera/pyUPMASK,13,LOF
https://github.com/josephenguehard/time_interpret,13,LOF
https://github.com/DeepDriveMD/DeepDriveMD-pipeline,13,LOF
https://github.com/Tinny-Robot/DimSense,13,LOF
https://github.com/zhongyuchen/outlier-detection,13,OCSVM
https://github.com/fabriziocosta/GraphLearn,13,OCSVM
https://github.com/chenhongkai/Freehand-Machine-Learning,13,OCSVM
https://github.com/tribeofai/toai,13,OCSVM
https://github.com/MrGiovanni/Eureka,12,IF
https://github.com/MrGiovanni/SuPreM,12,IF
https://github.com/ciortanmadalina/graph-sc,12,IF
https://github.com/DemonDamon/meanshift-kmeans-cluster,12,IF
https://github.com/odb9402/OneClassClassifier,12,IF;OCSVM
https://github.com/anish-saha/Network-Anomaly-Detection,12,IF
https://github.com/shubhomoydas/pyaad,12,IF
https://github.com/ibm-watson-iot/functions,12,LOF
https://github.com/cndn/intelligent-code-completion,12,LOF;OCSVM
https://github.com/amulog/logdag,12,LOF
https://github.com/crocs-muni/DiSSECT,12,LOF
https://github.com/c2dc/fl-unsup-nids,12,LOF
https://github.com/aikula/f2forecast,12,LOF
https://github.com/pris-nlp/Generative_distance-based_OOD,12,LOF
https://github.com/Shihab-Shahriar/scikit-clean,12,LOF
https://github.com/ssloxford/biometric-backdoors,12,OCSVM
https://github.com/abhijeet3922/User-Verification-based-on-Keystroke-Dynamics,12,OCSVM
https://github.com/wilfred-wulbou/Intrusion-Detection-System,12,OCSVM
https://github.com/sisoc-tokyo/Real-timeDetectionAD,12,OCSVM
https://github.com/ron1818/Singaboat_RobotX2016,12,OCSVM
https://github.com/kaustubhsridhar/time-series-OOD,12,OCSVM
https://github.com/aws-samples/aws-lambda-layer-create-script,11,IF;LOF
https://github.com/adgirish/kaggleScape,11,IF;LOF;OCSVM
https://github.com/DawnsonLi/GFSAD,11,IF
https://github.com/snad-space/zwad,11,IF;LOF;OCSVM
https://github.com/coffee19850519/single_cell_spatial_image,11,IF
https://github.com/fernandojunior/financial-fraud-detection,11,IF
https://github.com/mbafrani/PMSD,11,IF
https://github.com/maropu/spark-data-repair-plugin,11,LOF
https://github.com/LingxiaoShawn/GLOD-Issues,11,LOF;OCSVM
https://github.com/MartinPawel/c-chvae,11,LOF
https://github.com/Zziwei/Measuring-Mitigating-Mainstream-Bias,11,LOF
https://github.com/itakigawa/ml-catalysis,11,LOF
https://github.com/khaHesham/My-Machine-Learning-Journey,11,LOF
https://github.com/EleutherAI/elk-generalization,11,LOF;OCSVM
https://github.com/nccgroup/Splunking-Crime,11,OCSVM
https://github.com/SenchaBrest/UNIVERSITY,11,OCSVM
https://github.com/institutedigitalgames/PLT,11,OCSVM
https://github.com/sajedjalil/Data-Science-Pipeline-Detector,11,OCSVM
https://github.com/sis-ethz/Picket,11,OCSVM
https://github.com/Professor-G/MicroLIA,11,OCSVM
https://github.com/Rorozhl/MMKD,11,OCSVM
https://github.com/LordAlucard90/Variational-AutoEncoder-For-Novelty-Detection,11,OCSVM
https://github.com/HHHHhgqcdxhg/azurlane-painting,10,IF
https://github.com/StanfordBioinformatics/wearable-infection,10,IF
https://github.com/lhenry15/tods-gui,10,IF
https://github.com/dhelmr/bachelor-thesis,10,IF;OCSVM
https://github.com/secure-software-engineering/HeaderGen,10,IF;LOF;OCSVM
https://github.com/fhswf/MLPro,10,LOF
https://github.com/jlaura/PyHAT,10,LOF
https://github.com/ZJUEarthData/DS_package,10,LOF
https://github.com/dreizehnutters/pcapAE,10,LOF
https://github.com/YefanZhou/dispersion-score,10,LOF
https://github.com/Helmholtz-UFZ/saqc,10,LOF
https://github.com/YisenWang/ONL,10,LOF
https://github.com/dingwentao/MILOF,10,LOF
https://github.com/akoury/ml-helper,10,LOF
https://github.com/CellH5/cellh5,10,OCSVM
https://github.com/JuneKyu/CLAD,10,OCSVM
https://github.com/ML-PSE/Machine_Learning_for_PSE,10,OCSVM
https://github.com/zghafoori/Deep-Multi-Sphere-SVDD,10,OCSVM
https://github.com/saidbleik/batchai_mm_ad,10,OCSVM
https://github.com/tynano/slicematrixIO-python,9,IF
https://github.com/gohypergiant/AutoDC,9,IF
https://github.com/YOHO-LAB/malicious-detection-spark,9,IF
https://github.com/proy3/Abnormal_Trajectory_Classifier,9,IF;LOF;OCSVM
https://github.com/PbVrCt/nft-arbitrage,9,IF
https://github.com/erium/welcome,9,IF;LOF;OCSVM
https://github.com/jian9695/GSV2SVF,9,IF;OCSVM
https://github.com/mengchillee/AutoAudit,9,IF
https://github.com/xksteven/multilabel-ood,9,IF;LOF
https://github.com/LukeInkster/PythonCorpus,9,IF;OCSVM
https://github.com/Sera91/SMR3872-Colombia,9,IF;LOF;OCSVM
https://github.com/gdemos01/yttresearch-machine-learning-algorithms-analysis,9,IF
https://github.com/ReemOmer/LOF_OCSVM,9,LOF
https://github.com/intrudetection/robevalanodetect,9,LOF
https://github.com/polaris-hub/polaris,9,LOF
https://github.com/saschaschworm/big-data-and-data-science,9,LOF
https://github.com/wangvation/machine_learning,9,LOF
https://github.com/greenelab/pancancer-evaluation,9,LOF
https://github.com/nirmallab/cspot,9,LOF
https://github.com/dmbb/MPTAnalysis,9,LOF;OCSVM
https://github.com/wtsi-hgi/yascp,9,LOF
https://github.com/BILLBEATTHEPEAT/2017-PHM-Challenge-Competition,9,OCSVM
https://github.com/kuruwa2/SKRR,9,OCSVM
https://github.com/gietema/ood-early-layer-detection,9,OCSVM
https://github.com/VChristlein/icdar17code,9,OCSVM
https://github.com/halam189/Gait_Recognition_LSTM,9,OCSVM
https://github.com/illidanlab/RCA,9,OCSVM
https://github.com/hemanthmayaluru/one-class-text-classification-using-ensemble-approach,8,IF;LOF;OCSVM
https://github.com/livepeer/verification-classifier,8,IF;OCSVM
https://github.com/fangxu622/Sewer-Pipeline-Defect-Identification,8,IF;LOF;OCSVM
https://github.com/qifanyyy/JupyterNotebook,8,IF;LOF;OCSVM
https://github.com/IIT-Lab/AdaptiveMIMO,8,IF;LOF;OCSVM
https://github.com/sathishgang-db/anomaly_detection_using_databricks,8,IF
https://github.com/jmpu/NoiseScope,8,LOF;OCSVM
https://github.com/basiralab/Kaggle-BrainNetPrediction-Toolbox,8,LOF
https://github.com/ireydiak/anomaly_detection_NRCAN,8,LOF
https://github.com/IvLabs/os-nsmt,8,LOF
https://github.com/yan20191113/A-Comparative-Study-on-Unsupervised-Anomaly-Detection-forTime-Series,8,LOF
https://github.com/jvanelteren/housing,8,LOF
https://github.com/yujiariyasu/siim_covid19_detection,8,LOF
https://github.com/JelenaBanjac/microbiome-toolbox,8,LOF
https://github.com/aehrc/INSIDER,8,OCSVM
https://github.com/MicrosoftDocs/mslearn-oxford-image-classification-azure-sphere,8,OCSVM
https://github.com/levorato/ccp_rtcs,8,OCSVM
https://github.com/gabinete-compartilhado-acredito/dou-ml,8,OCSVM
https://github.com/wikibook/data-cleansing,7,IF
https://github.com/Elmecio/IForestASD_based_methods_in_scikit_Multiflow,7,IF
https://github.com/bstienen/unsupervised-learning-metrics,7,IF;OCSVM
https://github.com/FanaticPythoner/AutoAi,7,IF
https://github.com/christian-oleary/emmv,7,IF
https://github.com/EraslanBas/PerturbDecode,7,IF;LOF;OCSVM
https://github.com/labbit-eu/transport_tools,7,IF
https://github.com/jafarijason/ops_for_data_scientists,7,IF
https://github.com/ML4SCI/QMLHEP,7,IF
https://github.com/ralgond/TSAD-UCR,7,IF
https://github.com/teo-sl/DPLAN_pytorch,7,IF
https://github.com/Xenia101/Network-Anomaly-Detection-System,7,LOF
https://github.com/woctezuma/steam-reviews-to-sales,7,LOF
https://github.com/CPernet/ReproducibleQuantitativeDataScience,7,LOF
https://github.com/tolgaboroglu/Miuul_ML_Bootcamp,7,LOF
https://github.com/AngelikiTsintzira/Continuous-implicit-authentication-of-smartphone-users-using-navigation-data,7,LOF;OCSVM
https://github.com/cc-hpc-itwm/HPO_LazyGPR,7,LOF
https://github.com/McGill-NLP/feedbackqa,7,LOF
https://github.com/mesarcik/RFI-NLN,7,LOF
https://github.com/ClustProject/KETIPrePartialDataPreprocessing,7,LOF
https://github.com/JetBrains-Research/kotlin-code-anomaly,7,LOF;OCSVM
https://github.com/wagonhelm/neuro-car,7,OCSVM
https://github.com/praveentn/hgwxx7,7,OCSVM
https://github.com/lixinghe1999/audioproject,7,OCSVM
https://github.com/dataiku-research/drift_detectors_benchmark,7,OCSVM
https://github.com/xymtxwd/concept_drift_detection,6,IF;OCSVM
https://github.com/brenerovl/TCC,6,IF;LOF;OCSVM
https://github.com/qiime2/q2-sample-classifier,6,IF
https://github.com/katiana22/GrassmannianEGO,6,IF;LOF;OCSVM
https://github.com/Harphies/AI,6,IF;LOF;OCSVM
https://github.com/jacirrone/OutPredict,6,IF;LOF;OCSVM
https://github.com/wszhs/Cyber-Security-ML-Toolbox,6,IF
https://github.com/busizshen/tusharetest,6,IF;LOF;OCSVM
https://github.com/higherbar-ai/ml4qc,6,IF
https://github.com/RodrigoRosmaninho/projects-ect,6,IF;LOF;OCSVM
https://github.com/zkurtz/pydens,6,IF
https://github.com/carrtesy/TSADBench,6,IF
https://github.com/FelSiq/machine-learning-learning,6,IF;LOF;OCSVM
https://github.com/loic-lb/Unsupervised-Nuclei-Segmentation-using-Spatial-Organization-Priors,6,IF
https://github.com/elhamalghamdiUCD/Semi-Supervised-SLPA,6,IF;LOF;OCSVM
https://github.com/githubuser1983/rapid-outlier-detection,6,LOF
https://github.com/LiuLab-Bioelectronics-Harvard/ClusterMap,6,LOF
https://github.com/CODARcode/Chimbuko,6,LOF
https://github.com/lucasczz/DAADS,6,LOF;OCSVM
https://github.com/maldil/R-CPATMiner,6,LOF;OCSVM
https://github.com/ngobibibnbe/anomaly-detection-in-data-stream,6,LOF
https://github.com/sandialabs/BioCompoundML,6,OCSVM
https://github.com/spacesense-ai/spacesense,6,OCSVM
https://github.com/HaleAkrami/RVAE,6,OCSVM
https://github.com/theo-dim/regime_detection_ml,6,OCSVM
https://github.com/AlbertoBarbado/unsupervised-outlier-transparency,6,OCSVM
https://github.com/loli/semisupervisedforests,6,OCSVM
https://github.com/rpmcruz/ranking-imbalance,6,OCSVM
https://github.com/renmengye/online-unsup-proto-net,6,OCSVM
https://github.com/sfujiwara/tfmodel,6,OCSVM
https://github.com/AbertayMachineLearningGroup/zero-day-detection,6,OCSVM
https://github.com/Eureke-Ch/failure-warning-of-ower-plant-auxiliary-equipment,6,OCSVM
https://github.com/sirolf-otrebla/CompositeNet,6,OCSVM
https://github.com/XuexiongLuoMQ/GLADC,6,OCSVM
https://github.com/trevstanhope/scratch,6,OCSVM
https://github.com/hongiiv/nipt,6,OCSVM
https://github.com/chuayupeng/dns-tunnelling-detection,6,OCSVM
https://github.com/blakeNaccarato/pylance-stubs-unofficial,5,IF;LOF;OCSVM
https://github.com/KishoreKaushal/AnomalyDetection,5,IF
https://github.com/girafe-ai/eeg-models,5,IF;LOF
https://github.com/marcopetri98/anomalearn,5,IF
https://github.com/berli/facenet-vs-vggface,5,IF
https://github.com/josers18/Salesforce,5,IF
https://github.com/nikolaosdionelis/MachineLearningML,5,IF;LOF;OCSVM
https://github.com/soheilbr82/BluegrassWorkingMemory,5,IF;LOF
https://github.com/mcallaghan/rapid-screening,5,IF
https://github.com/freedombenLiu/ad_examples,5,IF;LOF;OCSVM
https://github.com/MizioAnd/HousePrices,5,IF
https://github.com/SebChw/Random-Similarity-Isolation-Forest,5,IF
https://github.com/hewliyang/dsa3101-2210-14-lta,5,IF
https://github.com/muleina/COMMIT-NILM,5,IF;LOF;OCSVM
https://github.com/bismarckderzweit/l2r,5,IF
https://github.com/BoXHED/source_code,5,IF
https://github.com/castorfou/data-scientist-skills,5,IF;LOF;OCSVM
https://github.com/Ryosaeba8/Anomaly_detection,5,IF
https://github.com/5267/ML,5,IF;LOF;OCSVM
https://github.com/eubr-bigsea/juicer,5,LOF
https://github.com/luigiquiros/inventa,5,LOF
https://github.com/miroslav-siklosi/Syslog-Messages-Analysis,5,LOF
https://github.com/IvanNik17/Seasonal-Changes-in-Thermal-Surveillance-Imaging,5,LOF
https://github.com/zj5559/Meta-Updater,5,LOF
https://github.com/jefferythewind/scikit-learn-erasplit,5,LOF;OCSVM
https://github.com/KemalGunay/Feature-Engineering,5,LOF
https://github.com/Welthungerhilfe/cgm-rg,5,LOF
https://github.com/Ca11me1ce/City-Energy-Analysis-in-the-USA,5,LOF
https://github.com/CoderWZW/ARLib,5,LOF
https://github.com/shichenhui/SpectraClustering,5,LOF
https://github.com/riccotti/Scamander,5,LOF
https://github.com/Neurales/Neurales_Beta,5,LOF
https://github.com/CoDS-GCS/KGFarm,5,LOF
https://github.com/kelicht/cet,5,LOF
https://github.com/AnverK/VK_Graduation,5,OCSVM
https://github.com/cmcneil/openepoc,5,OCSVM
https://github.com/vbelis/latent-ad-qml,5,OCSVM
https://github.com/maskot1977/scikitallstars,5,OCSVM
https://github.com/isri-aist/differentiable_rmap,5,OCSVM
https://github.com/nakanishi-akitaka/python2018_backup,5,OCSVM
https://github.com/Martin-Jung/QSDM,5,OCSVM
https://github.com/pyodds/PyODDS,5,OCSVM
https://github.com/ArneTillmann/AuDoLab,5,OCSVM
https://github.com/dataworkshop/dw-poznan-project,5,OCSVM
https://github.com/d-gcc/LightTS,5,OCSVM
https://github.com/Obarads/PointNet_AutoEncoder_pytorch,5,OCSVM
https://github.com/DFKI-NLP/xai-shift-detection,5,OCSVM
https://github.com/11301858/XAISuite,5,OCSVM
https://github.com/igabriel85/dmon-adp,4,IF
https://github.com/csgzm1314/Lecture_System_Design,4,IF;LOF
https://github.com/vishnu-sagar/Data-Science,4,IF
https://github.com/snad-space/snad,4,IF;LOF
https://github.com/zechenghe/CloudShield,4,IF
https://github.com/bangxiangyong/bae-anomaly-uncertainty,4,IF
https://github.com/silburt/git-screened,4,IF;OCSVM
https://github.com/DARKS-ML/Insider-Threat-Detection-using-ML,4,IF
https://github.com/gregstarr/anomaly-detection,4,IF;OCSVM
https://github.com/RubenBBlazquez/MachineLearningBasicProjects,4,IF
https://github.com/KrishnaswamyLab/LAD,4,IF;LOF
https://github.com/JordyBottelier/arpsas,4,IF;OCSVM
https://github.com/mohamedyd/rein-benchmark,4,IF;OCSVM
https://github.com/TomMago/hep-VQAE,4,IF
https://github.com/jojo142/QuantPortfolio,4,IF
https://github.com/YuyangL/TurbulenceMachineLearning,4,IF
https://github.com/mirkobronzi/bert_reranker,4,IF;LOF;OCSVM
https://github.com/tvayer/outlierdetection,4,IF
https://github.com/gterren/kernel_intra-hour_solar_forecasting,4,LOF
https://github.com/qlinhta/my-notes,4,LOF
https://github.com/esranoyan/Miuul_ML_Summer_Camp,4,LOF
https://github.com/newtechaudit/pyod,4,LOF
https://github.com/Jackil1993/metainventory,4,LOF
https://github.com/rsouza/DataScience_Course,4,LOF;OCSVM
https://github.com/CentralFloridaAttorney/dataspoon,4,LOF
https://github.com/szymonmaszke/kaggle-university-nn,4,LOF
https://github.com/tangminji/NoisywikiHow,4,LOF
https://github.com/depsched/sim,4,LOF
https://github.com/viannaandreBR/My-Data-Science-Journey,4,LOF
https://github.com/yuyao1314/MSCI-dataset,4,OCSVM
https://github.com/hangcheers/DailyPractice,4,OCSVM
https://github.com/sola-st/fluffy,4,OCSVM
https://github.com/Mohammed-Rahman-sherif/BoTube,4,OCSVM
https://github.com/kobemaristela/EmotiCoach,4,OCSVM
https://github.com/luke-feng/IoT_Sensors_Security_Analysis,4,OCSVM
https://github.com/samuelcsouza/cryptocurrency-forecasting,4,OCSVM
https://github.com/KaspiElectronics/CircuitML,4,OCSVM
https://github.com/interactiveaudiolab/separation_segmentation_ismir,4,OCSVM
https://github.com/myESM/ESM,4,OCSVM
https://github.com/jinjk92217/SAD,4,OCSVM
https://github.com/agarwalShruti15/motion_signature,4,OCSVM
https://github.com/Immortalqx/ML_Homework,4,OCSVM
https://github.com/auroua/aurora_detection,3,IF;OCSVM
https://github.com/dice-project/DICE-Anomaly-Detection-Tool,3,IF
https://github.com/manual123/Nacho-Jupyter-Notebooks,3,IF
https://github.com/SimulatorML/Robusta,3,IF;LOF;OCSVM
https://github.com/Tbabm/TEval-plus,3,IF
https://github.com/Arystan-Aldiyev/HackNU,3,IF;OCSVM
https://github.com/cmuxstream/cmuxstream-baselines,3,IF
https://github.com/eXascaleInfolab/vadetis,3,IF
https://github.com/RuoAndo/nii-cyber-security-admin,3,IF;OCSVM
https://github.com/PeterVanNostrand/FACET,3,IF
https://github.com/AndreyAgeev/Attention-based-isolation-forest,3,IF
https://github.com/ngonthier/Icono_Art_Analysis,3,IF;LOF;OCSVM
https://github.com/tdurieux/pattern-detector-experiment,3,IF;LOF;OCSVM
https://github.com/mmspg/ERRGB,3,IF
https://github.com/xyvivian/ROBOD,3,IF
https://github.com/AguilarAngel9/Plant-Growth-Cycle-based-on-geospatial-data,3,IF
https://github.com/wac81/experience,3,IF
https://github.com/vbelz/Outliers_detection,3,IF
https://github.com/karthajee/AWS-IF-interpretability,3,IF
https://github.com/adityauj/Hybrid-Distributed-Intrusion-Detection-System,3,IF
https://github.com/mperezcarrasco/AnomalyALeRCE,3,IF;OCSVM
https://github.com/facells/learnipy,3,IF;LOF
https://github.com/talperetz/pyds,3,IF
https://github.com/LincLabUCCS/Open-set-text-classification-using-neural-networks,3,IF;LOF
https://github.com/n0mori/oc-process-prediction,3,LOF;OCSVM
https://github.com/xujinzh/ph-novelty-detection,3,LOF
https://github.com/KatDost/Imitate,3,LOF
https://github.com/HamzaES/DABAC,3,LOF
https://github.com/aaronayitey/Data-Analysis-Project,3,LOF;OCSVM
https://github.com/mylamour/autoclf,3,LOF
https://github.com/tdaylan/mergen,3,LOF
https://github.com/visdesignlab/intent-system,3,LOF
https://github.com/kavita-v/bitcoin-fraud-detection,3,LOF
https://github.com/Castel44/AL_delay,3,LOF
https://github.com/yan20191113/ADTS,3,LOF
https://github.com/jclavin2/prime,3,LOF
https://github.com/theunissenlab/suss-sorter,3,LOF
https://github.com/dylan-slack/manipulating-cfes,3,LOF
https://github.com/ilker-yilmaz/Miuul-Makine-Ogrenmesi-Yaz-Kampi,3,LOF
https://github.com/ogrisel/scikit-learn-github-actions,3,LOF;OCSVM
https://github.com/Mensyne/Machine_learning-Notes,3,LOF
https://github.com/michalmonday/Program-Behaviour-Anomaly-Detection-Benchmark,3,LOF;OCSVM
https://github.com/JasonL24/ECS171-Team9,3,LOF
https://github.com/jguti21/Kaggle,3,LOF
https://github.com/luigy-mach/TrADe,3,LOF
https://github.com/isotlaboratory/UNAVOIDS-Code,3,LOF
https://github.com/shahcompbio/scgenome,3,LOF
https://github.com/albertcthomas/slides_cds2018,3,LOF
https://github.com/AllenInstitute/patchseq_human_L1,3,LOF
https://github.com/loli/sklearn-ensembletrees,3,OCSVM
https://github.com/choderalab/MSMs,3,OCSVM
https://github.com/ZIYU-DEEP/deepSAD-custom,3,OCSVM
https://github.com/sandialabs/FeatureCreature,3,OCSVM
https://github.com/Mr00Magician/MalTDec3-Malicious_traffic_Detection,3,OCSVM
https://github.com/ZeeshanHJ/Photocatalytic_Performance_Prediction,3,OCSVM
https://github.com/thomasreolon/DeepfakeDetection,3,OCSVM
https://github.com/bioinfoUQAM/Caribou,3,OCSVM
https://github.com/renatopp/liac,3,OCSVM
https://github.com/hallamlab/SABer,3,OCSVM
https://github.com/COMP6248-Reproducability-Challenge/LRDOCC_reproduction,3,OCSVM
https://github.com/butia-bots/butia_vision,3,OCSVM
https://github.com/kuntojirohan/key-stroke-dynamics,3,OCSVM
https://github.com/ying531/conformal-selection,3,OCSVM
https://github.com/euranova/F1-Score-is-Biased,3,OCSVM
https://github.com/seanahmad/Regime-Detection-ML,3,OCSVM
https://github.com/hvva/autopsy-CV,3,OCSVM
https://github.com/giovanibrmiguel/sus-news-detector,3,OCSVM
https://github.com/DeathkillerAnk/VPN-PROXY-DETECTION-WHOIS-FETCH,3,OCSVM
https://github.com/abagaria/hrl,3,OCSVM
https://github.com/neil7/Anomaly-Detection-using-Deep-belief-Networks,3,OCSVM
https://github.com/ocatak-zz/ocatak.github.io,3,OCSVM
https://github.com/taranO/Mobile-authentication-of-CDP,3,OCSVM
https://github.com/absolutelyNoWarranty/anomdet,3,OCSVM
https://github.com/Vincent-Vercruyssen/absent_pattern_detection,3,OCSVM
https://github.com/Kaushik-18/Deep-Recognition,3,OCSVM
https://github.com/pandeylab/pyquant-old,3,OCSVM
https://github.com/CheKaiWei/Machine-Learning-SUStech-CS405,3,OCSVM
https://github.com/iglesias/tapkee_benchmarks,3,OCSVM
https://github.com/wojiazaiyugang/sensor,3,OCSVM
https://github.com/NeilWangziyu/MachineLearning,3,OCSVM
https://github.com/INVOKERer/HSI_PROCESS,3,OCSVM
https://github.com/Gotti27/2columnS,3,OCSVM
https://github.com/edgeimpulse/firmware-alif-e7,3,OCSVM
https://github.com/autogoninc/autogonai-python,2,IF
https://github.com/lqkweb/learnMLflow,2,IF;LOF;OCSVM
https://github.com/JeffAbrahamson/IAE-ann-svm,2,IF;LOF;OCSVM
https://github.com/nelpats/Sleuth,2,IF
https://github.com/singkara/anomaly-detection-algo-comparison,2,IF;LOF;OCSVM
https://github.com/visdesignlab/reusing-intent,2,IF
https://github.com/rmazzine/XGBRegressor,2,IF
https://github.com/gmum/adversarial_examples_ae_layers,2,IF;OCSVM
https://github.com/squeakus/bitsandbytes,2,IF
https://github.com/alessioarcudi/ExIFFI,2,IF
https://github.com/datasig-ac-uk/signature_mahalanobis_knn,2,IF
https://github.com/CONABIO/antares3,2,IF
https://github.com/jxwleong/coral-sleuth,2,IF
https://github.com/luisferreira97/AutoOC,2,IF;LOF;OCSVM
https://github.com/kearseya/teltool,2,IF
https://github.com/ZJUEarthData/pyro_processor,2,IF;LOF;OCSVM
https://github.com/ccao-data/model-sales-val,2,IF
https://github.com/sppkisa/fish,2,IF
https://github.com/Timehsw/Python-AI,2,IF
https://github.com/amandajean119/TwitterPython,2,IF;LOF;OCSVM
https://github.com/mtcazzolato/tgraph-spot,2,IF;LOF;OCSVM
https://github.com/SSCT-Lab/DFauLo,2,IF
https://github.com/NotAddison/ATM-3,2,IF;LOF
https://github.com/AndreasOpedal/sdaml,2,IF;LOF
https://github.com/jfear/ncbi_remap,2,IF
https://github.com/beringresearch/ABC,2,IF
https://github.com/songweiwei/rasa_run,2,IF;LOF;OCSVM
https://github.com/ljheee/image-kmeans,2,IF;LOF;OCSVM
https://github.com/iOSDevLog/scikit-learn-zh,2,IF;LOF;OCSVM
https://github.com/Adameladeb/NetML-IDS,2,IF
https://github.com/Calvindd2f/Proactive-Issues,2,IF
https://github.com/mljs/isolation-forest,2,IF
https://github.com/Patricksxj/p_scripts,2,IF;OCSVM
https://github.com/lichuanqi/Python_Learn_Note,2,IF;LOF;OCSVM
https://github.com/skechung/TraffBot,2,IF
https://github.com/xgu1/DTM,2,IF;LOF
https://github.com/Latticecraft/Azure-ML-Accelerator,2,IF
https://github.com/ghostwwl/machine_learning,2,IF;LOF;OCSVM
https://github.com/wxt406611016/MDR,2,IF
https://github.com/Jacer7/Anomaly_Detection,2,IF
https://github.com/YuganshuWadhwa/Data-Science-and-Visualization-Application,2,IF
https://github.com/mosaico-anr/cg-ano-detect-eval,2,IF
https://github.com/evandiewald/helium-topography,2,IF
https://github.com/crown-of-napoleon/South-Africa-Apartheid-Truth-and-Reconciliation,2,IF
https://github.com/LSX-UniWue/explainable-ERP-fraud-detection,2,IF;OCSVM
https://github.com/ajfisch/calibrated-selective-classification,2,IF;LOF;OCSVM
https://github.com/palantir-h2020/ti-mmml-ad,2,IF
https://github.com/jsosa/outlierml,2,LOF
https://github.com/Leelaprasad001/Recruiter-AI,2,LOF;OCSVM
https://github.com/Akcanbasri/Miuul-Summer-Bootcamp-For-Data-Science,2,LOF
https://github.com/hengma1001/ddmd,2,LOF
https://github.com/Extended-Object-Detection-ROS/object_spatial_tools_ros,2,LOF
https://github.com/walkernr/neuralMelting,2,LOF
https://github.com/dolmatoff/my_ecg_project,2,LOF
https://github.com/lmbd92/DataScienceMonograph,2,LOF
https://github.com/zzs95/AASCE2019_code,2,LOF
https://github.com/devsonni/Chart-Classification-Using-CNN----Keras,2,LOF;OCSVM
https://github.com/airwick989/Autonomous-Vehicle-Simulation-and-Testing-Bench,2,LOF;OCSVM
https://github.com/zyh190507/Dynamic-Ensemble-for-OOD,2,LOF
https://github.com/LucienJi/MetaRobotics,2,LOF
https://github.com/furkankizilay/end-to-end-ml-projects,2,LOF
https://github.com/VforV93/IoTwins_Bayesian_Optimization,2,LOF
https://github.com/aishwaryadixit/Stock-Analysis,2,LOF
https://github.com/artemkramov/python-filter,2,LOF
https://github.com/jambo1/Project,2,LOF
https://github.com/CODARcode/ChimbukoVisualization,2,LOF
https://github.com/rsouza/IntroDataScience,2,LOF;OCSVM
https://github.com/ledio7/ADBench,2,LOF;OCSVM
https://github.com/CentralFloridaAttorney/yahoostocks,2,LOF
https://github.com/jem0101/BigSwag-SQA2022-AUBURN,2,LOF;OCSVM
https://github.com/huy302/playground,2,LOF
https://github.com/fspinna/lasts,2,LOF
https://github.com/lijunpy/ehualu,2,LOF
https://github.com/isislab-unisa/outlier-detection,2,LOF
https://github.com/marcroiglama/GIVO,2,LOF
https://github.com/ninaspreitzer/practicality-counterfactual-explanations,2,LOF
https://github.com/DevMias/Projekt-Innowacje,2,LOF
https://github.com/lens-biophotonics/BCFind,2,LOF
https://github.com/yuja-liu/BioLoGI,2,LOF
https://github.com/Yusufcanozari/Understanding-and-Preparing-Data,2,LOF
https://github.com/XVMX/vmbot,2,LOF
https://github.com/math-a3k/docs_gh_pages_test,2,LOF
https://github.com/bigcenter91/Stduy_,2,LOF
https://github.com/Happy-Egg/redesigned-happiness,2,LOF
https://github.com/kpister/prompt-linter,2,LOF
https://github.com/carrieMrJ/Group4-Automatic-Conformance-Checking-insights-in-Celonis,2,OCSVM
https://github.com/wen-yan-lin/shell-theory,2,OCSVM
https://github.com/Retty-M/face,2,OCSVM
https://github.com/NLPatVCU/VCU-VIP-Nanoinformatics,2,OCSVM
https://github.com/cottrell/notebooks,2,OCSVM
https://github.com/akshitamittel/PETS-2015-Anomaly-Detector,2,OCSVM
https://github.com/CustomComputingGroup/MLO,2,OCSVM
https://github.com/SnakeHunt2012/porn-detection,2,OCSVM
https://github.com/ludosGit/Shapelets,2,OCSVM
https://github.com/SwapneelM/cern-openlab,2,OCSVM
https://github.com/harelber/MaMaDroid2.0,2,OCSVM
https://github.com/w4k2/if-des-imb-stream,2,OCSVM
https://github.com/StreamPy/StreamPy,2,OCSVM
https://github.com/seckcoder/lang-learn,2,OCSVM
https://github.com/PramuPerera/OCDA,2,OCSVM
https://github.com/IlyeumInsights/ana,2,OCSVM
https://github.com/spbu-math-cs/Quadric-Intersection,2,OCSVM
https://github.com/robinthibaut/BEL,2,OCSVM
https://github.com/vzg100/Post-Translational-Modification-Prediction,2,OCSVM
https://github.com/OxfordML/heatmap_expts,2,OCSVM
https://github.com/Aram-Jin/Study,2,OCSVM
https://github.com/Bkisa/stm32f4_examples,2,OCSVM
https://github.com/rykovv/pills_counter_ml_model_training,2,OCSVM
https://github.com/David-Florido/TFG-River-Rensemble,2,OCSVM
https://github.com/gradientzero/dq0-sdk,2,OCSVM
https://github.com/rom1mouret/cheatmeal,2,OCSVM
https://github.com/2019-iuc-sw-skku/ssenstone,2,OCSVM
https://github.com/diego0020/va_course_2015,2,OCSVM
https://github.com/pkoprov/CISCO_WBP,2,OCSVM
https://github.com/rajeevanarun/Artificial-Intelligent-based-Deep-Learning-Model-for-Process-System-Unknown-Fault-Prognosis-,2,OCSVM
https://github.com/FrancescoDelBuono/SBDIO,2,OCSVM
https://github.com/jonghyeonk/Leverage_Eventlog,2,OCSVM
https://github.com/edgeimpulse/example-standalone-inferencing-alif,2,OCSVM
https://github.com/dihong/gad-v2,1,IF;OCSVM
https://github.com/sueszli/vector-database-benchmark,1,IF;LOF;OCSVM
https://github.com/buaayangchun/malwrebackdoor,1,IF
https://github.com/CMPT983-Winter2023/Language-Grounding-Few-Shot-Learning-in-3D-Medical-Segmentation,1,IF
https://github.com/lryup/MDWGAN-GP,1,IF
https://github.com/snad-space/coniferest,1,IF
https://github.com/huzaifa-57/Anomaly-Detection-using-Unsupervised-Machine-Learning,1,IF
https://github.com/NSIBF/InvariantRuleAD,1,IF;LOF
https://github.com/ahujak/Piecewise-Local-Linear-Model,1,IF
https://github.com/keithknott26/anomalydetection,1,IF
https://github.com/fernandonieuwveldt/mlxops-pipeline,1,IF
https://github.com/alisharifi2000/CS-SBU-MachineLearning-BSc-2022,1,IF;LOF;OCSVM
https://github.com/OmerSherer/DS_EmpowerView,1,IF;LOF;OCSVM
https://github.com/esdxfvgijhg/cod,1,IF;LOF;OCSVM
https://github.com/JeffMacaluso/mlcookbook,1,IF;OCSVM
https://github.com/seanm92/Cluster-drift-detection-CDD-,1,IF;LOF;OCSVM
https://github.com/sbobek/clamp,1,IF
https://github.com/marx-alex/Morphelia,1,IF;LOF;OCSVM
https://github.com/joshuapalicka/network-anomaly-detection,1,IF
https://github.com/Fe-59/gordo-dataset,1,IF
https://github.com/GoloMarcos/Multimodal-OCL-IST-2021,1,IF;LOF;OCSVM
https://github.com/glemaitre/unsupervided_learning,1,IF
https://github.com/ml-in-programming/apeman,1,IF;LOF
https://github.com/EnergeticQuanta17/AutoPilotRL,1,IF
https://github.com/andrepugni/FROID,1,IF
https://github.com/GabrieleMaurina/workspace,1,IF
https://github.com/zechenghe/Mastik,1,IF
https://github.com/GoloMarcos/TripleVAE-OCL-ENIAC2021,1,IF;LOF;OCSVM
https://github.com/tdurieux/BugSwarm-dissection,1,IF;LOF;OCSVM
https://github.com/lc-ljz/old_code,1,IF;LOF;OCSVM
https://github.com/thomasjpfan/sk-typing,1,IF;LOF
https://github.com/IngJavierR/AnomalyDetectionPython,1,IF;LOF;OCSVM
https://github.com/IeAT-ASPIDE/Event-Detection-Engine,1,IF
https://github.com/chrismcg/machine_learning_ng,1,IF;OCSVM
https://github.com/LHS1998/Machine-Learning-Project,1,IF
https://github.com/parkminkkkk/AIA_study,1,IF;LOF
https://github.com/EdgarACarneiro/feup-ecac,1,IF
https://github.com/visdesignlab/intent-inference,1,IF
https://github.com/xyvivian/ALARM,1,IF
https://github.com/alikhosravi/TEC-Random-Forest,1,IF
https://github.com/sheikhomar/dcc,1,IF;OCSVM
https://github.com/yuting-yang-93/soilMoisturePrediction,1,IF
https://github.com/onlyjazz/flask-anomaly-detection,1,IF
https://github.com/21goldy/DOS_Detection---Project-Exhibition-1,1,IF
https://github.com/MikeVolk/QDMpy,1,IF
https://github.com/ctr26/bioimage_phenotyping,1,IF
https://github.com/drds1/projects,1,IF
https://github.com/thomasjpfan/sksearchspace,1,IF;LOF;OCSVM
https://github.com/analysiscenter/radial,1,IF
https://github.com/equalitie/baskervillehall,1,IF
https://github.com/kangguangli/cryptography,1,IF;LOF;OCSVM
https://github.com/cmahima/Comaprison_of_anomaly_detection_algorithms,1,IF;LOF
https://github.com/gangofnuns/scikit-learn-fork,1,IF;LOF;OCSVM
https://github.com/HernandezM22/Geospatial-Plant-Cycles,1,IF
https://github.com/sghalebikesabi/nshap,1,IF
https://github.com/aorursy/old-nb,1,IF
https://github.com/tkmaker/HousePricePrediction,1,IF
https://github.com/amrrashed/TEST-AUTOML-LIBRARY-IN-PYTHON,1,IF
https://github.com/iubh/DLBDSIDS_D,1,IF;LOF;OCSVM
https://github.com/amitmakkad/cs354-market-baseket-analysis,1,IF
https://github.com/educauchy/abacus,1,IF
https://github.com/xeptagondev/xep-onchain-analytics,1,IF
https://github.com/RaidasGrisk/nameSpy,1,IF
https://github.com/anoxai/counterfactual_rules,1,IF;LOF
https://github.com/tomislijepcevic/medline_embedding,1,IF
https://github.com/chkimsu/PROBE-CT,1,IF
https://github.com/JBris/data_mining_group_assignment,1,IF;OCSVM
https://github.com/smestern/pyAPisolation,1,IF
https://github.com/YuBinLab-QUST/DRBPPred-GAT,1,IF
https://github.com/CharlesAttend/M2-DAC,1,IF
https://github.com/GenshinImpactAssistant/GIA_Launcher_Download_Lib,1,IF
https://github.com/licheng5625/coder,1,IF
https://github.com/NToepke/Group-4-Fork,1,IF
https://github.com/karthikraja95/fika,1,IF;OCSVM
https://github.com/amanmdesai/Anomaly-Detection,1,IF
https://github.com/UBC-MDS/eazieda,1,IF
https://github.com/cursecatcher/bioml,1,IF;LOF;OCSVM
https://github.com/btseytlin/simulator-ml,1,IF
https://github.com/itsmeale/sin5007,1,IF;LOF
https://github.com/jdwebprogrammer/data-viewer,1,IF
https://github.com/eddihyun/SMITH,1,LOF
https://github.com/sakib/scikit-learn,1,LOF;OCSVM
https://github.com/ultravideo/eye-tracking-framework,1,LOF
https://github.com/xjtulyc/ST-UMAP,1,LOF
https://github.com/nikkkkhil/DLOD,1,LOF
https://github.com/EAH-Materials/MartensiteStart_DeepLearning,1,LOF
https://github.com/1220780980/TiDB-Hack-Traveling-AI,1,LOF;OCSVM
https://github.com/jubueche/BPTT-Lipschitzness,1,LOF
https://github.com/labex-labs/open-source-labs,1,LOF
https://github.com/Imran2205/vitkt_m,1,LOF
https://github.com/tangjikededela/ADSTP,1,LOF
https://github.com/Vishwang0Suthar/Graph_dashboard,1,LOF;OCSVM
https://github.com/rpania30/Mainstream-Bias-RecSys,1,LOF
https://github.com/CLSoftSilvestre/Machine-Learning-Sandbox,1,LOF
https://github.com/prabhatdash/Application-of-Machine-Learning-In-Industries-and-Anomaly-Detection,1,LOF
https://github.com/alvinrrizky/Sentigovt24,1,LOF
https://github.com/daixinguang/AIC22_MTMC_ali,1,LOF
https://github.com/youssefHosni/resting-state-fMRI-calssification,1,LOF
https://github.com/volkaankarakus/DeepLearning,1,LOF
https://github.com/NeuroDataDesign/team-forbidden-forest,1,LOF;OCSVM
https://github.com/DrShushen/check-out-mlfow,1,LOF
https://github.com/CSEN1095-W21/project-u8,1,LOF
https://github.com/codezart44/StrangeSales,1,LOF
https://github.com/raphael-group/CalicoST,1,LOF
https://github.com/kjy6612/study,1,LOF
https://github.com/pozzo-research-group/papers,1,LOF
https://github.com/caiopereirasilva77/datasciencebr-serenata-de-amor,1,LOF
https://github.com/ANL-DIGR/EPIP,1,LOF
https://github.com/smautner/pig,1,LOF
https://github.com/redsofa/streaming_anomaly_detection,1,LOF
https://github.com/squaresLab/valgrind-tools,1,LOF
https://github.com/j-friis/sdfi-powerlines,1,LOF
https://github.com/guanwei49/BPAD,1,LOF
https://github.com/jpcadena/classification-tweets-national-security-ecuador,1,LOF
https://github.com/BioroboticsLab/neuronal_correlates_honeybee_navigation,1,LOF
https://github.com/INFORMSJoC/2021.0076,1,LOF
https://github.com/bayesomicslab/ONT-nonb-GoFAE-DND,1,LOF
https://github.com/Qucy/UdacityMachineLearning,1,LOF
https://github.com/DaymonH/FantasyFootballRNN,1,LOF
https://github.com/anoxai/sufficient_rules,1,LOF
https://github.com/WooYeaheh/Segmentation,1,LOF
https://github.com/alibertay/BabaVanga,1,LOF;OCSVM
https://github.com/udiram/Glioblastoma_analysis,1,LOF
https://github.com/FridhaMegantaraPutra/report_psd,1,LOF
https://github.com/nanjum88/spnk1,1,OCSVM
https://github.com/sisoc-tokyo/AttackDetectionAgainstAD,1,OCSVM
https://github.com/UC3MSocialRobots/novelty-detection-in-hri,1,OCSVM
https://github.com/tum-i4/rritbed,1,OCSVM
https://github.com/tetherless-world/CodeGraph,1,OCSVM
https://github.com/Nick-baby/Reservoir-predict,1,OCSVM
https://github.com/neurospin/scripts,1,OCSVM
https://github.com/michen00/MSVC,1,OCSVM
https://github.com/alpha-i/research-eeg,1,OCSVM
https://github.com/boostcampaitech4lv23recsys1/level2_dkt_recsys-level2-recsys-05,1,OCSVM
https://github.com/xinchen1997/GMM,1,OCSVM
https://github.com/Paras-Roy/credit-ease,1,OCSVM
https://github.com/sampathrajapaksha/CAN-ID-based-model,1,OCSVM
https://github.com/yellowsimulator/uibmscode,1,OCSVM
https://github.com/gracexwho/predict-rbp-sites,1,OCSVM
https://github.com/carlislk/revenue-prediction,1,OCSVM
https://github.com/harpreets652/anomaly-svm-study,1,OCSVM
https://github.com/gilfidel/cyberbg-attack-detection-dns,1,OCSVM
https://github.com/JustinPihony/beam-clean-test,1,OCSVM
https://github.com/Sotera/newman-research,1,OCSVM
https://github.com/zenkavi/Self_Regulation_Ontology,1,OCSVM
https://github.com/tsitsimis/novel,1,OCSVM
https://github.com/ChunaraLab/medshifts,1,OCSVM
https://github.com/gamba-dev/gamba_classic,1,OCSVM
https://github.com/malfarasplux/pnet2019,1,OCSVM
https://github.com/nghetrung/climate-change-fake-news,1,OCSVM
https://github.com/martinmanuel9/DIS_EVL,1,OCSVM
https://github.com/adailtonaraujo/app_review_analysis,1,OCSVM
https://github.com/aruna09/Detection-of-Negation-Cue-and-Scope,1,OCSVM
https://github.com/WithPrecedent/simplify,1,OCSVM
https://github.com/redbackoperations/Projects,1,OCSVM
https://github.com/qkpqkp/PlagCheck,1,OCSVM
https://github.com/superduong/ALIN,1,OCSVM
https://github.com/jbeno/usedcar,1,OCSVM
https://github.com/lforet/CoinVision,1,OCSVM
https://github.com/smha1012/ml-system-in-actions,1,OCSVM
https://github.com/owenAPI/PlaygroundFinance,1,OCSVM
https://github.com/prodiptaPromit/prototype-cphs,0,IF
https://github.com/PeterZhizhin/scikit-learn-copy,0,IF;LOF
https://github.com/asharma567/example_of_lambda_deployment,0,IF
https://github.com/chenmoneygithub/Stock-Price-Prediction-by-Machine-Learning,0,IF;LOF
https://github.com/2lambda123/catboost,0,IF;LOF;OCSVM
https://github.com/nehal119/merlion-testing,0,IF
https://github.com/DylanLukes/renkon,0,IF;LOF;OCSVM
https://github.com/SEUNGHOKING86/restfulapichat,0,IF;LOF
https://github.com/CforED/Machine-Learning,0,IF;OCSVM
https://github.com/duebukua/safekit,0,IF;OCSVM
https://github.com/dataning/Py_pandas,0,IF
https://github.com/Gaurang140/Modern-Time-Series-Forecasting-with-Python,0,IF
https://github.com/fahmiam2/time-series-projects,0,IF
https://github.com/curtpond/ml-engineering-book,0,IF
https://github.com/keenanandrew/Machine-Learning-Engineering-with-Python-Second-Edition,0,IF
https://github.com/mgcorona/scikit-learn,0,IF;LOF;OCSVM
https://github.com/priyadarsh-rajendran/Anomoly-Detection-in-Ecommerce-Clickstream-data,0,IF
https://github.com/rehanganapathy/kafka-proj,0,IF
https://github.com/clarenceluo78/ActiveAD,0,IF
https://github.com/CharlieZhuGJ/EveryProject,0,IF;OCSVM
https://github.com/Darryl-Shi/Freqai-Classifier,0,IF
https://github.com/Darryl-Shi/freqai-debug,0,IF
https://github.com/jlgarridol/sklearn-ubu,0,IF;LOF;OCSVM
https://github.com/ThrunGroup/sklearn_MAB,0,IF;LOF;OCSVM
https://github.com/ScorpionBytes/scikit-LEARM,0,IF;LOF;OCSVM
https://github.com/southglory/Sensory_extended_metaworld,0,IF
https://github.com/ep-infosec/50_google_madi,0,IF
https://github.com/biomedgps/ckg,0,IF
https://github.com/gencau/log6309e_replication,0,IF
https://github.com/b-zhao/error_detection,0,IF
https://github.com/nikosgavalas/ntua-thesis,0,IF
https://github.com/demotto/seldon-core,0,IF
https://github.com/Benashael/AutoML,0,IF
https://github.com/498143049/Graduation-thesis-experiment,0,IF;LOF
https://github.com/lovelynewlife/sklearn-onnx,0,IF;LOF
https://github.com/CN-TU/network-attack-outlierness,0,IF;LOF
https://github.com/talitz/detecting-cyber-attacks-kaggle-challenge,0,IF;LOF
https://github.com/Niraj288/machineLearning,0,IF
https://github.com/nick-fournier/hov-degradation,0,IF;LOF;OCSVM
https://github.com/mio7c7/AD_ME,0,IF
https://github.com/kmedian/potpourri,0,IF
https://github.com/olk/filmcalib,0,IF
https://github.com/F-Yousefi/Breast_Cancer_Prediction,0,IF
https://github.com/cvaughn-anaconda/augur,0,IF
https://github.com/imbalanced-learn/imbalanced-learn.github.io,0,IF
https://github.com/trustcalc/trustcalc,0,IF
https://github.com/alidrd/Auction_data,0,IF;LOF
https://github.com/00James00/CS-6386-PROJECT,0,IF;LOF
https://github.com/SomeBeavers/StyleClassification,0,IF
https://github.com/cilegann/InCore,0,IF
https://github.com/steliosbl/acute-clinical-deterioration,0,IF;OCSVM
https://github.com/sigord/data_visualisation,0,IF
https://github.com/MohamedAlyMatar/DataMining_MajorTask,0,IF
https://github.com/Bishuu1/Datascience,0,IF;LOF
https://github.com/KOSASIH/CosmicDataHarbinger,0,IF
https://github.com/GiovaniCenta/Gerenciador-de-monitoramento-com-deteccao-de-anomalia-em-redes,0,IF;LOF;OCSVM
https://github.com/rom1mouret/anoflows,0,IF
https://github.com/aryankhatana01/real-time-anomaly-detection,0,IF
https://github.com/Ricardocafee/Projeto_CInte,0,IF
https://github.com/62442katieb/deltaABCD_variability,0,IF
https://github.com/koonn/bunseki,0,IF;LOF;OCSVM
https://github.com/msp99000/shap-0.42.2-patch-2023,0,IF
https://github.com/brendanfitz/sports-analysis,0,IF
https://github.com/LearningOS/Performance-Anomaly-Detection,0,IF;LOF;OCSVM
https://github.com/enyquist/Real_Estate_Analysis,0,IF
https://github.com/dongwkim/field-demos-kr,0,IF
https://github.com/steliosbl/acute-care-pathways,0,IF;OCSVM
https://github.com/SDM-TIB/dementia_mmse,0,IF
https://github.com/mahdy095/IRIS-streamlit,0,IF
https://github.com/anosubmission2023/ACPexperiments,0,IF
https://github.com/ctr26/2019_cellesce_analysis,0,IF
https://github.com/BuddyVolly/sampling-handler,0,IF
https://github.com/zxt000816/Agricultural-Prediction,0,IF
https://github.com/josephinemho/hello_world,0,IF
https://github.com/vvaynethomas/gps_project,0,IF;OCSVM
https://github.com/FireFlyTy/datrics-model-json,0,IF
https://github.com/lucianolorenti/Temporis,0,IF
https://github.com/Lexington-Innovations/Traice_ML_Code,0,IF
https://github.com/ashuashutosh2211/anomaly_detection,0,IF
https://github.com/NevoleMarek/automltsad,0,IF
https://github.com/KurodaKanbei/Aipw,0,IF
https://github.com/cckmit/harness-core-1,0,IF
https://github.com/lukauskas/publications-lukauskas-2024-marcs,0,IF;OCSVM
https://github.com/COMP6248-Reproducability-Challenge/MoveBrick_Reproducibility_DeepSAD,0,IF;OCSVM
https://github.com/CoralieNeubueser/analyse_h5,0,IF
https://github.com/xorbey/CATS_public,0,IF;LOF
https://github.com/tybalex/lad-models,0,IF
https://github.com/souayb/sads_offline,0,IF;LOF;OCSVM
https://github.com/wangzhefeng/adproj,0,IF;LOF
https://github.com/linkjavawii/AnomalyDetection,0,IF;LOF
https://github.com/Dhiraj00777/Assignment_16_Neaural_Network_Gas_turbines,0,IF
https://github.com/LIUHAO121/anomaly-gmm,0,IF
https://github.com/andela/boomslang-scikit-learn,0,IF;LOF;OCSVM
https://github.com/DanRunfola/CausalForest,0,IF;OCSVM
https://github.com/loverwhy/tods,0,IF
https://github.com/amanshah0729/CS50shah,0,IF;LOF;OCSVM
https://github.com/LinasNas/OOD_Detection_RL,0,IF
https://github.com/lukassnoek/FEED_pilot_RL_exp,0,IF
https://github.com/hanish2760/ChatBot,0,IF
https://github.com/gridgentoo/jenkins-x-seldon-core-sandbox,0,IF
https://github.com/SLZWVICTOR/SeldonIO-seldon-core,0,IF
https://github.com/Niraj288/side_projects,0,IF
https://github.com/apismensky/source_detector,0,IF;OCSVM
https://github.com/matthewmazzuca/thesislearning,0,IF;OCSVM
https://github.com/Mraina99/REGNN,0,IF
https://github.com/jingxual/machinelearning,0,IF;LOF;OCSVM
https://github.com/LainARG/intelliprop,0,IF;LOF
https://github.com/SrihasY/DNS_Spring_2023,0,IF;LOF
https://github.com/GoloMarcos/MVAE-RelevantReviews,0,IF;LOF;OCSVM
https://github.com/GoloMarcos/MVAEs-FakeNews,0,IF;LOF;OCSVM
https://github.com/GoloMarcos/TripleVAE-Events,0,IF;LOF;OCSVM
https://github.com/Feretj/scikit-learn-hse-project,0,IF;LOF;OCSVM
https://github.com/enzlaur/ALGOCOMP2,0,IF
https://github.com/JayamangalaH/TODSAPI,0,IF
https://github.com/ParthLa/Causal-Intervention-on-Time-Series,0,IF
https://github.com/LeisureGong/RLcourse,0,IF
https://github.com/Ahmadkhan02/Backend-Phising,0,IF;LOF;OCSVM
https://github.com/AndersCFR/DataScience_IA_BigData_BI,0,IF;LOF
https://github.com/CSID-DGU/2020-1-CECD02-Muruk-3,0,IF;LOF;OCSVM
https://github.com/jabrunin001/Assignment7-Go-Eng,0,IF
https://github.com/NCSU-DANCE-Research-Group/SHIL,0,IF
https://github.com/yy2lyx/ML_Mouse_Track_Detection_cluster,0,IF
https://github.com/Dirbeq/PythonPlayground,0,IF;LOF;OCSVM
https://github.com/BrianMargolis/Clean-My-Data-Backend,0,IF
https://github.com/SENERGY-Platform/anomaly-detector,0,IF
https://github.com/yonekura-dc/ita_fase_1,0,IF
https://github.com/ymurong/DSP,0,IF
https://github.com/droubo/meta-level-analysis-of-anomaly-detectors,0,IF;LOF
https://github.com/Jrbiltmore/Advanced_QISKIT_Swarm_Targeting_with_Telemetry_Situational_Awareness_Remote_Sensing.p,0,IF
https://github.com/FabianUB/CodiTFG,0,IF
https://github.com/gohan-1/passportscrap,0,IF
https://github.com/fahminlb33/ieee-cyberc-2022,0,IF
https://github.com/NikolayOG/payment-app-with-fraud-detection,0,IF
https://github.com/sunitha8687/Anomaly-Detection-Multivaraite-Time-Series-Dataset,0,IF
https://github.com/godevil14/cc-major,0,IF;LOF
https://github.com/jannakam/MindCue_Anomaly,0,IF
https://github.com/ichsansan/COPT-Training-Module,0,IF
https://github.com/JuanGomez12/DS_model,0,IF
https://github.com/DataDavidProjects/Isolation-Forest-For-Fraud-Detection,0,IF
https://github.com/EasonLiaw/wafer_fault_detection,0,IF
https://github.com/dmoggles/footballvizzes,0,IF
https://github.com/shubhrad1/Anomaly-detection,0,IF
https://github.com/Laucd/Intelligent-Sensing,0,IF
https://github.com/whosthis-svg/Project_Orion,0,IF
https://github.com/wawrzenczyka/FOR-CTL,0,IF;OCSVM
https://github.com/TorshaMajumder/dart,0,IF;OCSVM
https://github.com/Quy-Thanh/Isolation-Forest,0,IF
https://github.com/Anna080/SparkStreamingProject,0,IF
https://github.com/lrnzgiusti/Extreme-Rare-Event-Detector,0,IF
https://github.com/yashaswiniragi/MLac_testing,0,IF
https://github.com/soumajyoti02/PYTHON-PROJECT,0,IF
https://github.com/momo1476422482/outlier-detection-library,0,IF;OCSVM
https://github.com/osamabinazam/Security-Algorithm,0,IF
https://github.com/SnideSE/CloudBased-IntelligentTransportationSystem,0,IF
https://github.com/adevkar07/Credit-card-fault-detection,0,IF;LOF
https://github.com/bdrl-uwaterloo/full-stack-data-scientist,0,IF
https://github.com/angelgldh/rsv_modelling_transfer_learning,0,IF
https://github.com/shufanchen/Optimization-Operation-Technology-of-Pumping-Stations-Based-on-Health-Assessment,0,IF
https://github.com/brunopchi/VoluntaryTurnoverProject,0,IF
https://github.com/marcomanciniunitn/Master-Thesis-Project,0,IF;OCSVM
https://github.com/p-soma/adm,0,IF
https://github.com/Scottmar93/OzChallenge,0,IF
https://github.com/v1toko/PUMD,0,IF
https://github.com/shimabang/PyCaret,0,IF;LOF
https://github.com/moribus-single/savras-backend,0,IF
https://github.com/andreasvisbech/Plotly_data_analysis,0,IF
https://github.com/mlangford29/ML_experiments,0,IF;OCSVM
https://github.com/jangsejong/STUDY,0,IF;LOF;OCSVM
https://github.com/mayijun1203/MLGH,0,IF;LOF
https://github.com/andisheh-partovi/MiPy-MIMIC-IV-Benchmarking-Framework,0,IF
https://github.com/clara-9/TFG_public,0,IF;OCSVM
https://github.com/kad1m/lab4,0,IF
https://github.com/mlvlab/material_anomaly_detection,0,IF;LOF
https://github.com/Siddhartha0007/Mushroom_Classification,0,IF
https://github.com/KIT-IAI/EnhancingAnomalyDetectionMethods,0,IF;LOF
https://github.com/adalab-ai/POD_prediction,0,IF
https://github.com/GosTraight2020/experiment,0,IF;OCSVM
https://github.com/JBPereira/machine_learning_projects_GHG,0,IF
https://github.com/higgteil/eeg-predict,0,IF
https://github.com/cerplot/ui,0,IF;LOF;OCSVM
https://github.com/bdpedigo/one-offs,0,IF;LOF
https://github.com/aaronli-uga/IIoT_Datahub,0,IF;LOF;OCSVM
https://github.com/deepskandpal/Sensei,0,IF
https://github.com/omarbouhaha/pfe_app_1,0,IF
https://github.com/MaxSt97/Project_Data_Engineering_MS,0,IF
https://github.com/Tomas-Pierce-at-UNC/MothDrinks,0,IF;LOF
https://github.com/AKASHAGARWAL0403/machine-learning-assignment,0,IF
https://github.com/prakulsharma/prophecyengine,0,IF;LOF
https://github.com/bonobos/mlkit,0,IF
https://github.com/tsanford01/Log_Pattern_Generator,0,IF
https://github.com/DungLai/EMSE_dataset,0,IF;LOF;OCSVM
https://github.com/S1mmy/Masterarbeit,0,IF
https://github.com/devhkyu/GachonComputerSecurity,0,IF;LOF;OCSVM
https://github.com/prasadmdone/DB_Liv_For_Jeff,0,IF;LOF;OCSVM
https://github.com/AjNavneet/ResumeParser_SpacyNER,0,IF;LOF;OCSVM
https://github.com/jay-kakkad/StockMarketPrediction_using_SVR,0,IF;LOF;OCSVM
https://github.com/gohan-1/translator,0,IF
https://github.com/xiaohuiliugis/Machine-Learning-Health,0,IF;LOF;OCSVM
https://github.com/EasonLiaw/mentalhealth_status_classification,0,IF
https://github.com/TheLegendAli/my_sklearn,0,IF
https://github.com/wawrzenczyka/VAE-PU-OCC,0,IF;OCSVM
https://github.com/Abtinmy/data-science-portfolio,0,IF;LOF;OCSVM
https://github.com/SamithaSandeepa/job-satisfaction-level-pred,0,IF;LOF;OCSVM
https://github.com/AlbertoBarbado/rule_extraction_xai,0,IF;LOF;OCSVM
https://github.com/ddatta-DAC/wwf_panjiva_baselines,0,IF;LOF
https://github.com/Exlonk/titanic,0,IF;LOF
https://github.com/jQwotos/ECHacksBack,0,IF
https://github.com/SZU-AdvTech-2022/313-Entropic-Causal-Inference-Graph-Identifiability,0,IF
https://github.com/TieuLongPhan/HIV_IN_QSAR,0,IF;LOF;OCSVM
https://github.com/jrv97/tfm,0,IF;LOF
https://github.com/husnialhamdani/performance-testing,0,IF
https://github.com/enridaga/data-journeys,0,IF;LOF;OCSVM
https://github.com/antonskurdal/FAA-Project,0,IF
https://github.com/yangarbiter/nearest-category-generalization,0,IF;LOF
https://github.com/tanodino/CF_SITS,0,IF
https://github.com/Charlie5DH/MTS_WSN,0,IF;OCSVM
https://github.com/SandoghdarLab/PiSCAT_plugin_UAI,0,IF
https://github.com/i-am-yohan/explainable_credit_scoring,0,IF
https://github.com/ivanokhotnikov/test_rig_serving,0,IF;LOF
https://github.com/KaveeshaPiumini/ml_project,0,IF;OCSVM
https://github.com/xjiae/PAC-Wrap,0,IF;LOF;OCSVM
https://github.com/tupui/HDR-Boxplot,0,IF
https://github.com/EinarOlafsson/spacr,0,IF
https://github.com/saurzv/data-stream-anomaly-detection,0,IF
https://github.com/sahandha/Tornado,0,IF
https://github.com/Torekas/maszynka,0,IF
https://github.com/aorursy/new-nb-2,0,IF;OCSVM
https://github.com/anonymous-52200/mlmq,0,IF
https://github.com/rak-shit/Sparkplug-Walmart,0,IF
https://github.com/sunghangga/pkm-geguntangan-separation,0,IF;LOF;OCSVM
https://github.com/sinukoff/keystroke,0,IF;LOF;OCSVM
https://github.com/blessontomjoseph/fraud_transaction_classification,0,IF;LOF
https://github.com/MohammedNasserAhmed/MHIP,0,IF;LOF
https://github.com/dfhhhhhh1/augurProject,0,IF
https://github.com/nektonekto/f-project,0,IF
https://github.com/natsutan/study_ml,0,IF
https://github.com/EasonLiaw/retail_price_optimization,0,IF
https://github.com/andresliszt/spark-forecast,0,IF
https://github.com/scidatasoft/ml-services,0,IF
https://github.com/gitone912/secure_log_ai_final,0,IF
https://github.com/lionalio/Anomaly_Detection,0,IF;LOF;OCSVM
https://github.com/mklostermann/interactive_isolation_forest,0,IF
https://github.com/Igorshu90/Hal1.1,0,IF
https://github.com/mmyros/phy_extras,0,IF;LOF;OCSVM
https://github.com/DavitHakobyan01/Abnormality-Detector,0,IF;LOF;OCSVM
https://github.com/plooto-jsi/anomaly-detection,0,IF
https://github.com/VenturaBleak/SmartService,0,IF
https://github.com/martin-conur/timeseries_outlier_detection,0,IF;OCSVM
https://github.com/EshanRS/test123,0,IF
https://github.com/simdage/hack-qc,0,IF
https://github.com/cargonriv/neuron-synapse-competition,0,IF;LOF
https://github.com/theSekyi/ahunt_package,0,IF
https://github.com/UlrichLouw/Satellite,0,IF;LOF
https://github.com/Brunoborges95/Meus-projetos,0,IF
https://github.com/samadeusfp/SaCoFa,0,IF
https://github.com/leobt23/Applications_DSE,0,IF;OCSVM
https://github.com/ratzenboe/SigMA,0,IF;LOF
https://github.com/Quang-Duy/Fake_Malware_Generator,0,IF;LOF;OCSVM
https://github.com/cwen0/zeus,0,IF
https://github.com/toth12/vha_auschwitz_report,0,IF
https://github.com/EnjoyLifeFund/Debian_py36_packages,0,IF;OCSVM
https://github.com/EnjoyLifeFund/macSierra-py36-pkgs,0,IF;OCSVM
https://github.com/EnjoyLifeFund/macHighSierra-py36-pkgs,0,IF;OCSVM
https://github.com/VovaBas04/Web_django,0,IF;LOF;OCSVM
https://github.com/Parasgupta0508/sentiment_analysis,0,IF;LOF;OCSVM
https://github.com/neale/CS-program,0,IF
https://github.com/husnialhamdani/kyvernop,0,IF
https://github.com/webclinic017/data-journey,0,IF;LOF;OCSVM
https://github.com/peterbaile/logbert,0,IF;OCSVM
https://github.com/daanh99/VoBERT,0,IF;OCSVM
https://github.com/dominikbenk/LogADEmpirical,0,IF;OCSVM
https://github.com/eric-erki/scikit-learn-machine-learning-in-Python,0,IF;LOF;OCSVM
https://github.com/KakuyaShiraishi/sci_learn,0,IF;LOF;OCSVM
https://github.com/yunzhe-zhou/IJ_ComModels,0,IF;LOF;OCSVM
https://github.com/Augur-Team/augurProject,0,IF
https://github.com/FlandreYScarlet/augur1,0,IF
https://github.com/anoxai/test_sufficient,0,IF;LOF
https://github.com/munam2244/Data-Analysis-Dashboard,0,IF
https://github.com/froi0409/DataScienceFroi,0,IF;LOF;OCSVM
https://github.com/joelromanky/cg-ano-detect-eval,0,IF
https://github.com/ssunshu/scikit-learn,0,IF;LOF;OCSVM
https://github.com/CyberStefNef/World_Temperature_Analysis,0,IF
https://github.com/serafinialessio/mlsummary,0,IF;LOF
https://github.com/TristanTorchet/AML_TASK1,0,IF
https://github.com/Shidiq/snhlib,0,IF
https://github.com/chrismrtz/market-anomaly-detection,0,IF
https://github.com/Carlsonho08/cs634_final_project,0,IF
https://github.com/Rian021102/Smoker-Detection-Bio-Signs,0,IF
https://github.com/Eric07110904/NTUST-Data-Mining-Final,0,IF
https://github.com/a-golda/find_cont_inform,0,IF
https://github.com/ivan94fi/ddm_project,0,IF;OCSVM
https://github.com/SKA-INAF/sclassifier,0,IF
https://github.com/Nusri7/pypi-package-Automated-ML--Report,0,IF
https://github.com/ssyshy9996/django-backend,0,IF
https://github.com/NielsenErik/Space-Biology_Data-Mining,0,IF
https://github.com/Aure64/Tezos-node-detection-model,0,IF
https://github.com/karthick-sh/streaming-fairness,0,IF
https://github.com/lhenry15/CSCE689_RL_Final,0,IF
https://github.com/JackYBT/drifting_neuron_kilosort,0,IF
https://github.com/ionox0/gels-analysis,0,IF
https://github.com/lorenzo-mora/DMV,0,IF
https://github.com/arnamoy10/smarking_analysis,0,IF;OCSVM
https://github.com/mcelz/CDL-Data-Drift-and-Outlier-Detection,0,IF;LOF
https://github.com/MiroK/vesselopet,0,IF;LOF;OCSVM
https://github.com/manaakiwhenua/local-outlier-factor-plugin,0,LOF
https://github.com/rommeldias/lemonade,0,LOF
https://github.com/kusmin/Lemonade,0,LOF
https://github.com/nigam-aditya/Neural_Network_Project,0,LOF
https://github.com/IvanaVu/iris_app,0,LOF
https://github.com/waggle-sensor/visual_disorder_plugin,0,LOF
https://github.com/2lambda123/google-research,0,LOF
https://github.com/X-oss-byte/Google-researcher,0,LOF
https://github.com/llv22/google-research-forward,0,LOF
https://github.com/anu71195/new-svm,0,LOF;OCSVM
https://github.com/fangyihao/gptaug,0,LOF
https://github.com/KueskiEngineering/scikit-learn,0,LOF;OCSVM
https://github.com/Nicholas-Mei/Ood_Detection,0,LOF
https://github.com/yxyfer/MLSECU-Project,0,LOF
https://github.com/Parolps/Era_prices,0,LOF
https://github.com/pdefusco/UCSD-MAS-Capstone-Project,0,LOF
https://github.com/klarman-cell-observatory/scBTF,0,LOF
https://github.com/jpcadena/pharmacy-prices-prediction,0,LOF
https://github.com/GusSand/ML-BackDoor-Detector,0,LOF
https://github.com/icecube/voka,0,LOF
https://github.com/ywattenberg/AML_Course,0,LOF
https://github.com/msc-acse/acse-9-independent-research-project-Garethlomax,0,LOF
https://github.com/MEDAL-IITB/CautiousAI_ClassClust,0,LOF
https://github.com/ie-mcsbt-team-c/spotify-clustering,0,LOF
https://github.com/meaningfy-ws/taxonomy-metrics,0,LOF
https://github.com/DavideTonin99/mobile-robotics,0,LOF;OCSVM
https://github.com/GabrielRugila/Fit_Tracker,0,LOF
https://github.com/Rumeysaislam/ML-bootcamp-part-III,0,LOF
https://github.com/EricSchoebel/LpzHackathon2023,0,LOF
https://github.com/THGLab/iShiftML,0,LOF
https://github.com/babelomics/sigprimednet,0,LOF
https://github.com/estevesjh/fnalFall2022,0,LOF
https://github.com/standardgalactic/thesis-work,0,LOF
https://github.com/Nishtha1007/ML_Ops_Project,0,LOF
https://github.com/sgjxu30/FYP.github.io,0,LOF
https://github.com/xangeee/Startup-success-and-school-performance,0,LOF
https://github.com/rom1mouret/assortment,0,LOF
https://github.com/nathanyaqueby/siemens-anomaly-detection,0,LOF
https://github.com/jackmead515/fix-dive,0,LOF
https://github.com/recepilyasoglu/Miuul-DataScienceBootcamp,0,LOF
https://github.com/vanalmsick/MasterThesis,0,LOF
https://github.com/akhambhati/zappy,0,LOF
https://github.com/fibonacci998/PythonProject,0,LOF
https://github.com/alexvaroz/recsysnetflix_app,0,LOF;OCSVM
https://github.com/NAVNEET72159/MachineLearningApplication,0,LOF;OCSVM
https://github.com/medkalil/GenericScraper,0,LOF;OCSVM
https://github.com/orgTestCodacy11KRepos110MB/repo-3136-pyod,0,LOF;OCSVM
https://github.com/Jjineeq/Productive_System_Public,0,LOF;OCSVM
https://github.com/KOLLINIKHILKUMAR/RECRUITER-AI-AN-ADVANCED-REAL-TIME-JOB-RECOMMENDER,0,LOF;OCSVM
https://github.com/TSLanka/Hackathon,0,LOF;OCSVM
https://github.com/chaitanya-24/ML-Project,0,LOF;OCSVM
https://github.com/pdefusco/Python,0,LOF
https://github.com/UlrichLouw/Satellite-simulation,0,LOF
https://github.com/tusharpangare/Heroku-Tryouts,0,LOF;OCSVM
https://github.com/guillemaguilapalleja/PROYECTO-BIG-DATA,0,LOF;OCSVM
https://github.com/gwkimgw/Capstone,0,LOF;OCSVM
https://github.com/felipeVsc/deeplearning,0,LOF
https://github.com/pok1800/scikit-learn1.1.3,0,LOF;OCSVM
https://github.com/deepin-community/scikit-learn,0,LOF;OCSVM
https://github.com/aysenursahin351/Smart-Health-Prediction,0,LOF
https://github.com/daixinguang/ALF-CMVT,0,LOF
https://github.com/be2rlab/grasping_vision,0,LOF;OCSVM
https://github.com/BeagleLearning/beagleNLP,0,LOF
https://github.com/swordsbird/TreeEnsembleVis,0,LOF
https://github.com/meetb21397/survivalstats,0,LOF
https://github.com/LogAnalysisTeam/methods4logfiles,0,LOF
https://github.com/alexp25/watergame-other,0,LOF
https://github.com/Parolps/fitness-tracker,0,LOF
https://github.com/vladoodidoo/Leclerc_SXXI,0,LOF
https://github.com/Garethlomax/civil_service_code_sharing,0,LOF
https://github.com/KevinShindel/MachineLearning,0,LOF
https://github.com/217004297-Akaash-Reedoy-UKZN/COMP721-ML-Group-Project-217004297,0,LOF
https://github.com/berniewang8177/Out_of_domain_detection,0,LOF;OCSVM
https://github.com/be2rlab/AORR,0,LOF;OCSVM
https://github.com/birgulceryan/Hocam_Project,0,LOF
https://github.com/eertekin99/MNE,0,LOF;OCSVM
https://github.com/grzes5003/RL-Botnet,0,LOF
https://github.com/mojokageni/scikit-learn,0,LOF
https://github.com/ryanyen2/hierarchical-clustering,0,LOF
https://github.com/JemjitSinghLalli/housePrices,0,LOF
https://github.com/nahyeon00/Toolkit-for-graduation-project,0,LOF
https://github.com/dabago/PredictiveAlgorithm-EnergyConsumption-BusinessCaseForSpain,0,LOF
https://github.com/omdv/crypto-git-tracker-docker,0,LOF
https://github.com/xAIdrian/SoilMoisturePredictions,0,LOF
https://github.com/shaysnutss/Insidoors_FYP,0,LOF
https://github.com/xiaomi8023/xgboost-code,0,LOF
https://github.com/s901057/HIT140_GROUP-7,0,LOF
https://github.com/Sam-Power/MAIN,0,LOF
https://github.com/2021514/Fruit-Classifier,0,LOF
https://github.com/Anirudh-S-Kumar/SML-Project,0,LOF
https://github.com/rdsea/ROHE,0,LOF
https://github.com/bugrayuren/MiuulProjects,0,LOF
https://github.com/JurandP/gaia_clusters,0,LOF
https://github.com/sking115422/DM_HW1,0,LOF
https://github.com/BatuhanUmay/MIUUL_ML_Summer_Bootcamp,0,LOF
https://github.com/jaduplessis/DesignProject4,0,LOF;OCSVM
https://github.com/holukas/diive,0,LOF
https://github.com/mstfakdgn/python-workouts,0,LOF
https://github.com/LarryChenCode/fitness_tracker_ml_project,0,LOF
https://github.com/zamboni-lab/SST-platform-core,0,LOF
https://github.com/AnthonyEzeh/ML_Recommender_System_Movie_Genres_KNN_Development,0,LOF;OCSVM
https://github.com/njuxc/PYAM,0,LOF;OCSVM
https://github.com/kemalcalak/Python,0,LOF
https://github.com/rohankumardubey/scikit-learn,0,LOF;OCSVM
https://github.com/OlacodeX/bmifromface,0,LOF;OCSVM
https://github.com/coreprinciple6/NoobML,0,LOF;OCSVM
https://github.com/RishiBakshii/Laptop-Price-Predictor,0,LOF;OCSVM
https://github.com/Garethlomax/civil_service_sharing,0,LOF
https://github.com/jimmy-nguyen-data-science/Travel-Insurance-Predictions,0,LOF
https://github.com/rabeles11/Python_Bayes_and_Knn_From_Scratch,0,LOF
https://github.com/LeksyIT/machine_learning,0,LOF
https://github.com/maciejsikora2302/semestr-7,0,LOF
https://github.com/MLRG-CEFET-RJ/skga,0,LOF
https://github.com/Lue12138/scikit-learn-issue-22383,0,LOF;OCSVM
https://github.com/simon-yc/scikit-learn,0,LOF;OCSVM
https://github.com/skango/Search_AI,0,LOF
https://github.com/CodeHunterOfficial/Practical-Time-Series-Analysis,0,LOF
https://github.com/JonathanMaurer/IntroDataScience,0,LOF;OCSVM
https://github.com/himanshudce/OWAM,0,LOF;OCSVM
https://github.com/Adebobolah/Stackon-Hero,0,LOF;OCSVM
https://github.com/Sumit-1S/Heritage-Indentification,0,LOF;OCSVM
https://github.com/GaberAbutaleb/MLaaS_Backend,0,LOF
https://github.com/Manishsinghrajput98/froude-s-transition-,0,LOF
https://github.com/FabianHinder/One-or-Two-Things-We-Know-about-Concept-Drift,0,LOF
https://github.com/molly-yu/ML-Modelling,0,LOF
https://github.com/sharif181/ml-practice-codes,0,LOF
https://github.com/sxmocvett/HR,0,LOF
https://github.com/danisha20/One_Class_models,0,LOF
https://github.com/legbar/spatialbrain,0,LOF
https://github.com/alextimans/eth-advanced-ml,0,LOF
https://github.com/Casimir-Feldmann/IGS,0,LOF
https://github.com/a-tabaza/xai,0,LOF
https://github.com/taytzehao/School_scheduling,0,LOF
https://github.com/Yasharzf/hov-degradation,0,LOF
https://github.com/maycarlos/music_classification_acb,0,LOF
https://github.com/shahzaib-ch/open-anomaly-detection-benchmark,0,LOF
https://github.com/ogunlu-angora/Data-Science,0,LOF
https://github.com/SvenNomm/spectral_sequental,0,LOF
https://github.com/PratapKumarChowdary/CryptoWaveGDP,0,LOF
https://github.com/KdrDrn/FORKs,0,LOF
https://github.com/adamcseresznye/Belgian-House-Price-Predictor,0,LOF
https://github.com/Jut257/CYB-362,0,LOF
https://github.com/fraleo/kr23_model_multiplicity,0,LOF
https://github.com/rcorizzo/one-class-essay-detection,0,LOF
https://github.com/alexandregft/Multi-sub-blocks-Local-Outlier-Factor-Anomaly-Detection-of-Complex-Industrial-Systems,0,LOF
https://github.com/alitalipcoskun/miuul-ml,0,LOF
https://github.com/charlenehourdin/AI-Engineer-Openclassrooms,0,LOF
https://github.com/sandialabs/isml,0,LOF
https://github.com/Oluwoye/DimensionReduction,0,LOF
https://github.com/smahendra14/MediGuard,0,LOF
https://github.com/SoftwareDevEngResearch/BuoyDataClustering,0,LOF
https://github.com/samridhgirdhar/Fruit-classification-Model,0,LOF
https://github.com/depicted-candela/qgeoidcol,0,LOF
https://github.com/lardahle/progress,0,LOF
https://github.com/Mouillel2b/Python_DataAnalysis_Final_Project,0,LOF
https://github.com/yoest/Topic-Modeling-Analysis,0,LOF
https://github.com/SRVallee/MLFitness_Capstone,0,LOF
https://github.com/fzEro555/Intro-to-Data-Analytics-Projects,0,LOF
https://github.com/lzvtlshkvch/CE,0,LOF
https://github.com/fraleo/robust_counterfactuals_aaai24,0,LOF
https://github.com/GIDDY269/fitness_tracker_ml,0,LOF
https://github.com/centre-for-humanities-computing/corona-psychopathology,0,LOF
https://github.com/NavneetPrakashSingh/visual-analytics,0,LOF
https://github.com/kab0718/natural-language,0,LOF
https://github.com/mbilal02/Classifier,0,LOF
https://github.com/j-friis/master-thesis,0,LOF
https://github.com/seunghyupoh3517/MachineLearning-Music-Generator,0,LOF
https://github.com/ezzy4me/cft,0,LOF
https://github.com/bryanliujh/MachineLearningMaterials,0,LOF;OCSVM
https://github.com/naemnamenmea/machine-learning-theory,0,LOF;OCSVM
https://github.com/PratapKumarChowdary/CryptoWave,0,LOF
https://github.com/SchmitzAndrew/ML_Module_3,0,LOF
https://github.com/Amuks-babu8/Melanoma,0,LOF
https://github.com/LEEHYUNDONG/repo1,0,LOF;OCSVM
https://github.com/ulazho/ML,0,LOF;OCSVM
https://github.com/AveshMomin/Basic-python-game,0,LOF;OCSVM
https://github.com/chhavi1996gaur/BrainTumorDeployment,0,LOF
https://github.com/mangosain/Sign-Language-Recognition,0,LOF
https://github.com/cwane/Deforestation-Detection-from-satellite-images,0,LOF
https://github.com/AbhijeetAnand23/SML_Project,0,LOF
https://github.com/12shadow12/FaceDetection,0,LOF
https://github.com/ZeynepDuvarci/text-summarizer,0,LOF
https://github.com/nizar123456789/mlflowtuto,0,LOF
https://github.com/SalaheddineAD/image-captioning,0,LOF
https://github.com/lerda8/machine_learning_experiment,0,LOF
https://github.com/FridhaMegantaraPutra/PSD,0,LOF
https://github.com/Gautam-MV/Concrete_p,0,LOF
https://github.com/rkliman/Hydroponics-Imaging,0,LOF
https://github.com/anthonyibrail/doe-sim,0,LOF
https://github.com/akionakamura/scikit-learn,0,OCSVM
https://github.com/jljfoto/SplunkEtc,0,OCSVM
https://github.com/COMP6248-Reproducability-Challenge/DeepSAD_Unknown,0,OCSVM
https://github.com/perlestot/DataScience_ArtificialIntelligence_Portfolio,0,OCSVM
https://github.com/grodrigues3/RussianCraigslist,0,OCSVM
https://github.com/cedavidyang/python27.package,0,OCSVM
https://github.com/michaelkyu/scikit-learn-fasterRF,0,OCSVM
https://github.com/Sapphirine/TV-Analytics,0,OCSVM
https://github.com/arita37/dsa2_code,0,OCSVM
https://github.com/alpha-i/alphai_model_store,0,OCSVM
https://github.com/NUS-Fintech-Society/ML_Fraud_Detection_X_BNPP,0,OCSVM
https://github.com/pombredanne/http-hg.code.sf.net-p-mlpy-code,0,OCSVM
https://github.com/B3AU/waveTree,0,OCSVM
https://github.com/MVS-99/IoT_Cyber_ML,0,OCSVM
https://github.com/tufts-ai-robotics-group/polycraft-novelty-detection,0,OCSVM
https://github.com/emotion-classifier/emotion_classifier,0,OCSVM
https://github.com/ajoshiusc/ImagePTE,0,OCSVM
https://github.com/imathresearch/iMathServices,0,OCSVM
https://github.com/mucahitkantepe/BigDataLab,0,OCSVM
https://github.com/e-koch/Phys-595,0,OCSVM
https://github.com/jeremy-ma/UNSWSPCUP,0,OCSVM
https://github.com/smartscheduling/scikit-learn-categorical-tree,0,OCSVM
https://github.com/wcl20/ScikitLearn-Single-Class-Classification,0,OCSVM
https://github.com/mverleg/kaggle_otto,0,OCSVM
https://github.com/mattyanselmo/datarobot-user-models,0,OCSVM
https://github.com/tkazusa/SabotageDetection,0,OCSVM
https://github.com/danielin917/BusBoy,0,OCSVM
https://github.com/MarekWadinger/online_outlier_detection,0,OCSVM
https://github.com/gwenwoods/python_data_science,0,OCSVM
https://github.com/karthikv2k/sequoia_ml,0,OCSVM
https://github.com/MarkJhonBao/Infant_Incubator,0,OCSVM
https://github.com/hiroto22/bayesian-optimization,0,OCSVM
https://github.com/Omodaka9375/AI-Keystroke-Verification,0,OCSVM
https://github.com/Iolaum/idsandet,0,OCSVM
https://github.com/mwong-kabam/PvPOutliers,0,OCSVM
https://github.com/Aeternalis-Ingenium/Anomaly-Detection,0,OCSVM
https://github.com/sebgiles/ethz-advanced-machine-learning,0,OCSVM
https://github.com/Preffet/PPSVM,0,OCSVM
https://github.com/TheDataStation/nbc,0,OCSVM
https://github.com/mmasinas/ocSVM,0,OCSVM
https://github.com/janlukasschroeder/anomaly-detection-in-web-mobile-interactions,0,OCSVM
https://github.com/suriya-jambunathan/MLANT,0,OCSVM
https://github.com/kaeken1jp/snippets,0,OCSVM
https://github.com/denismr/PUandOCQ,0,OCSVM
https://github.com/liudeyuan2021/SVM-Scratch,0,OCSVM
https://github.com/wind9hawk/Experiment-GraduateEssay-CERT4.2,0,OCSVM
https://github.com/Kumnoob/Human-Identification-from-Text-Messages,0,OCSVM
https://github.com/UniversityProjectsAtUnisa/epilepsy-prediction_thesis,0,OCSVM
https://github.com/jgolden36/ResumeRepository,0,OCSVM
https://github.com/tranndt/myutils,0,OCSVM
https://github.com/kernc/Containersec,0,OCSVM
https://github.com/TheDataStation/aurum-dod-staging,0,OCSVM
https://github.com/snowgy/join_path_discovery,0,OCSVM
https://github.com/airblair94/data_ex,0,OCSVM
https://github.com/tiyd-python-2015-01/sklearn-docs,0,OCSVM
https://github.com/afarangurens/ingeodata-test-aranguren,0,OCSVM
https://github.com/IT21313370/sweethome,0,OCSVM
https://github.com/w4k2/oceis-iccs2020,0,OCSVM
https://github.com/gienee/Anomaly_Detection_Project,0,OCSVM
https://github.com/Vuong-Chu/Notes,0,OCSVM
https://github.com/chinarsalmanli/app-defi2,0,OCSVM
https://github.com/adamgreig/iib,0,OCSVM
https://github.com/Mahajanet/AuthDaddy,0,OCSVM
https://github.com/parimarjan/adversarial_keystrokes,0,OCSVM
https://github.com/kabrate/KWS,0,OCSVM
https://github.com/zhouzypaul/policy-transfer-lifelong-rl,0,OCSVM
https://github.com/Nikhil-Pesaladinne/cando-web,0,OCSVM
https://github.com/amarallab/benchmarkml,0,OCSVM
https://github.com/checkifcovid/data-science-experiments,0,OCSVM
https://github.com/sugoiServal/UO-19-ma,0,OCSVM
https://github.com/Aeternalis-Ingenium/Detecto,0,OCSVM
https://github.com/measic/gptidy-development,0,OCSVM
https://github.com/AnitadeMelloKoch/azure_web,0,OCSVM
https://github.com/anilzeybek/dsc,0,OCSVM
https://github.com/Khojasteh-hb/SRX-DTI,0,OCSVM
https://github.com/versedpro/freqtrade-bot,0,OCSVM
https://github.com/AusraSaud/DeepBrainStimulation,0,OCSVM
https://github.com/UPstartDeveloper/Math-of-ML,0,OCSVM
https://github.com/zjc-enigma/imbalanceDataResearch,0,OCSVM
https://github.com/alisonmoura/tcc,0,OCSVM
https://github.com/Paolovox/crawler,0,OCSVM
https://github.com/GRSEB9S/SVDD-Anomaly-Detection-of-Stage-Stage-Outlier-Analysis,0,OCSVM
https://github.com/Hill-Wenka/LatentEvolution,0,OCSVM
https://github.com/sudhirkumardubey/one-class-classification-of-marine-objects,0,OCSVM
https://github.com/CellH5/cellh5apps,0,OCSVM
https://github.com/imclab/Breui,0,OCSVM
https://github.com/Gatos90/MotionControls,0,OCSVM
https://github.com/ulfaslak/MScProject-build-dataset,0,OCSVM
https://github.com/Indy275/suitabilityassessment,0,OCSVM
https://github.com/WithPrecedent/amicus,0,OCSVM
https://github.com/felixcuello/aerofaultdetection,0,OCSVM
https://github.com/vkas9798/project_anomaly_detection_streaming_data,0,OCSVM
https://github.com/robeck/Machine-learning-model-integration,0,OCSVM
https://github.com/anmingyu11/AIUnion,0,OCSVM
https://github.com/ZiBuDo/MyCareer,0,OCSVM
https://github.com/bopopescu/JSDN_JSS,0,OCSVM
https://github.com/nipunbatra/journal,0,OCSVM
https://github.com/notyu-yu/stm32_uart_echo,0,OCSVM
https://github.com/notyu-yu/iot_offload_heap,0,OCSVM
https://github.com/robgal519/performance_test_registers,0,OCSVM
https://github.com/eGkritsis/ML-Network-Intrusion-Detection-System,0,OCSVM
https://github.com/Kaixiong-Zhou/PySODS,0,OCSVM
https://github.com/nxydyxsj123456/CVDD-PyTorch,0,OCSVM
https://github.com/galbraun/Research-Methods-In-Information-systems-BGU,0,OCSVM
https://github.com/w4k2/dse-oc,0,OCSVM
https://github.com/AcedbyB/masked_face_detection_model,0,OCSVM
https://github.com/JishnuSethuraman/PCA-DTW-and-Socket-Programming,0,OCSVM
https://github.com/am16br/Reinforcement-Learning-Agent-Finance,0,OCSVM
https://github.com/EnriqueNueve/Addressing-the-Constraints-of-Active-Learning-on-the-Edge,0,OCSVM
https://github.com/josemoreiraUA/SISQUAL-data-and-methods,0,OCSVM
https://github.com/pratishbodhale/imposture-detection,0,OCSVM
https://github.com/Yashikab/GraduationThesis,0,OCSVM
https://github.com/jcmayoral/some_scripts,0,OCSVM
https://github.com/jstmn/vowel_classifier,0,OCSVM
https://github.com/aorursy/new-nb-1,0,OCSVM
https://github.com/amperie/user-models,0,OCSVM
https://github.com/JPCGameiro/TPR_Project,0,OCSVM
https://github.com/matuskovac/Diploma-thesis,0,OCSVM
https://github.com/marioaacuna/gini,0,OCSVM
https://github.com/pstjohn/decay-methods,0,OCSVM
https://github.com/shivamvats/metareskill,0,OCSVM
https://github.com/salonirk11/audio-classification,0,OCSVM
https://github.com/cardiohelper-team/backend,0,OCSVM
https://github.com/Mgll3/RepositorioMgl,0,OCSVM
https://github.com/daneisburgh/freehold-forecast,0,OCSVM
https://github.com/IsraelDataLab/College_Projects,0,OCSVM
https://github.com/mengwangk/investor,0,OCSVM
https://github.com/mostafashahin/MyTools,0,OCSVM
https://github.com/kumarishan/python-ml-tryout,0,OCSVM
https://github.com/arunsingh2008/arun_data,0,OCSVM
https://github.com/mgpradeepa/py_pip,0,OCSVM
https://github.com/jmkuebler/autoML-TST-paper,0,OCSVM
https://github.com/tteggel/rse,0,OCSVM
https://github.com/john-hope/DS4002-Project2,0,OCSVM
https://github.com/FreakyBytes/bas-observe,0,OCSVM
https://github.com/Charlie5DH/Wireless_Sensor_Network,0,OCSVM
https://github.com/11301858/xaisuitecli-legacy,0,OCSVM
https://github.com/PicusNext1/EdgeTest,0,OCSVM
https://github.com/philosophynote/fastapi_dl,0,OCSVM
https://github.com/joelkoz/Arduino_CMSIS-DSP,0,OCSVM
https://github.com/vijtad/vijtad,0,OCSVM
https://github.com/phillipmacon/UQ360,0,OCSVM
https://github.com/Embodimentgeniuslm3/DataRobot-456,0,OCSVM